VendorID,lpep_pickup_datetime,lpep_dropoff_datetime,store_and_fwd_flag,RatecodeID,PULocationID,DOLocationID,passenger_count,trip_distance,fare_amount,extra,mta_tax,tip_amount,tolls_amount,ehail_fee,improvement_surcharge,total_amount,payment_type,trip_type

2,2017-06-01 00:33:45,2017-06-01 01:39:52,N,4,35,265,1,90.41,404.5,0.5,0.5,0,5.76,,0.3,413.51,2,1
2,2017-06-01 00:33:55,2017-06-01 23:36:23,N,1,263,75,1,.38,4,0.5,0.5,1.59,0,,0.3,6.89,1,1
2,2017-06-01 00:12:07,2017-06-01 00:12:07,N,1,255,43,1,9.49,31,0.5,0.5,8.08,0,,0.3,40.38,1,1
2,2017-06-01 00:17:26,2017-06-01 00:20:01,N,1,256,256,1,.59,4,0.5,0.5,1.06,0,,0.3,6.36,1,1
2,2017-06-01 00:17:22,2017-06-01 00:24:21,N,1,130,135,3,2.08,8.5,0.5,0.5,0,0,,0.3,9.8,2,1
2,2017-06-01 00:39:41,2017-06-01 00:42:17,N,1,256,255,1,.57,4,0.5,0.5,1.32,0,,0.3,6.62,1,1
2,2017-06-01 00:37:31,2017-06-01 00:47:38,N,1,66,148,1,2.30,10,0.5,0.5,2.26,0,,0.3,13.56,1,1
2,2017-06-01 00:37:05,2017-06-01 00:52:48,N,1,256,40,5,4.85,16.5,0.5,0.5,3.56,0,,0.3,21.36,1,1
2,2017-06-01 00:02:16,2017-06-01 00:02:46,N,1,166,152,1,.10,2.5,0.5,0.5,0,0,,0.3,3.8,2,1
2,2017-06-01 00:00:38,2017-06-01 00:04:38,N,1,196,95,1,1.26,6,0.5,0.5,1.82,0,,0.3,9.12,1,1
2,2017-06-01 00:00:22,2017-06-01 00:04:43,N,1,255,256,1,.92,5,0.5,0.5,1.58,0,,0.3,7.88,1,1
2,2017-06-01 00:00:57,2017-06-01 00:04:42,N,1,129,260,1,.64,4.5,0.5,0.5,1.45,0,,0.3,7.25,1,1
2,2017-06-01 00:00:53,2017-06-01 00:05:01,N,1,255,80,1,.99,5,0.5,0.5,0,0,,0.3,6.3,2,1
2,2017-06-01 00:01:23,2017-06-01 00:05:21,N,1,255,256,1,.87,5,0.5,0.5,3,0,,0.3,9.3,1,1
2,2017-06-01 00:00:46,2017-06-01 00:05:18,N,1,25,97,1,.70,5,0.5,0.5,1.26,0,,0.3,7.56,1,1
2,2017-06-01 00:03:01,2017-06-01 00:04:59,N,1,7,7,1,.39,3.5,0.5,0.5,0,0,,0.3,4.8,2,1
2,2017-06-01 00:03:58,2017-06-01 00:05:36,N,1,146,7,1,.63,4,0.5,0.5,0,0,,0.3,5.3,2,1
2,2017-06-01 00:00:43,2017-06-01 00:05:46,N,1,7,7,1,1.08,6,0.5,0.5,2.19,0,,0.3,9.49,1,1
2,2017-06-01 00:02:05,2017-06-01 00:05:42,N,1,65,65,1,.53,4.5,0.5,0.5,0,0,,0.3,5.8,2,1
2,2017-06-01 00:00:03,2017-06-01 00:05:57,N,1,255,112,5,1.32,6.5,0.5,0.5,0,0,,0.3,7.8,2,1
2,2017-06-01 00:00:22,2017-06-01 00:05:56,N,1,223,70,1,2.70,9.5,0.5,0.5,0,0,,0.3,10.8,1,1
2,2017-06-01 00:01:47,2017-06-01 00:05:24,N,1,256,256,4,.81,5,0.5,0.5,0,0,,0.3,6.3,1,1
2,2017-06-01 00:03:58,2017-06-01 00:05:36,N,1,146,7,1,.63,-4,-0.5,-0.5,0,0,,-0.3,-5.3,4,1
2,2017-06-01 00:00:47,2017-06-01 00:06:12,N,1,82,83,1,1.08,6,0.5,0.5,0,0,,0.3,7.3,2,1
2,2017-06-01 00:06:34,2017-06-01 00:06:42,N,5,168,168,1,.05,15,0,0,0,0,,0,15,1,2
2,2017-06-01 00:01:25,2017-06-01 00:07:01,N,1,129,129,1,.76,6,0.5,0.5,0,0,,0.3,7.3,1,1
2,2017-06-01 00:00:30,2017-06-01 00:06:50,N,1,129,129,1,1.02,6.5,0.5,0.5,1.56,0,,0.3,9.36,1,1
2,2017-06-01 00:00:43,2017-06-01 00:07:02,N,1,82,129,1,.99,6,0.5,0.5,0,0,,0.3,7.3,2,1
2,2017-06-01 00:05:02,2017-06-01 00:07:16,N,1,255,255,5,.50,3.5,0.5,0.5,0.96,0,,0.3,5.76,1,1
2,2017-06-01 00:07:13,2017-06-01 00:07:13,N,5,264,248,1,.00,25.8,0,0,0,0,,0.3,26.1,1,2
2,2017-06-01 00:04:01,2017-06-01 00:07:20,N,1,179,179,1,.88,5,0.5,0.5,1.26,0,,0.3,7.56,1,1
2,2017-06-01 00:01:42,2017-06-01 00:06:59,N,1,260,82,5,.68,5,0.5,0.5,0,0,,0.3,6.3,2,1
2,2017-06-01 00:02:03,2017-06-01 00:06:51,N,1,7,226,1,1.27,6,0.5,0.5,0,0,,0.3,7.3,2,1
2,2017-06-01 00:01:46,2017-06-01 00:07:26,N,1,52,228,1,1.68,7,0.5,0.5,0.01,0,,0.3,8.31,1,1
2,2017-06-01 00:03:16,2017-06-01 00:07:06,N,1,223,7,5,1.04,5.5,0.5,0.5,0,0,,0.3,6.8,2,1
2,2017-06-01 00:00:45,2017-06-01 00:07:40,N,1,65,97,1,1.20,6.5,0.5,0.5,0,0,,0.3,7.8,2,1
2,2017-06-01 00:03:02,2017-06-01 00:07:17,N,1,223,223,1,.74,5,0.5,0.5,0,0,,0.3,6.3,2,1
2,2017-06-01 00:00:10,2017-06-01 00:07:15,N,1,89,181,1,2.12,8.5,0.5,0.5,0,0,,0.3,9.8,2,1
2,2017-06-01 00:03:36,2017-06-01 00:08:09,N,1,181,49,1,1.18,6,0.5,0.5,1.82,0,,0.3,9.12,1,1
2,2017-06-01 00:02:14,2017-06-01 00:08:07,N,1,42,42,1,.83,5.5,0.5,0.5,1.36,0,,0.3,8.16,1,1
2,2017-06-01 00:02:00,2017-06-01 00:07:49,N,1,146,7,2,1.17,6,0.5,0.5,0,0,,0.3,7.3,2,1
2,2017-06-01 00:01:51,2017-06-01 00:08:15,N,1,181,52,2,1.89,7.5,0.5,0.5,2.2,0,,0.3,11,1,1
2,2017-06-01 00:01:50,2017-06-01 00:08:16,N,1,189,17,1,1.72,7.5,0.5,0.5,1.76,0,,0.3,10.56,1,1
2,2017-06-01 00:06:22,2017-06-01 00:08:25,N,1,166,166,1,.40,3.5,0.5,0.5,0,0,,0.3,4.8,2,1
2,2017-06-01 00:05:58,2017-06-01 00:08:04,N,1,256,80,5,.11,3.5,0.5,0.5,0,0,,0.3,4.8,2,1
2,2017-06-01 00:02:22,2017-06-01 00:08:40,N,1,129,129,5,1.13,6.5,0.5,0.5,0,0,,0.3,7.8,2,1
2,2017-06-01 00:05:20,2017-06-01 00:09:15,N,1,166,24,1,.88,5,0.5,0.5,1.26,0,,0.3,7.56,1,1
2,2017-06-01 00:02:22,2017-06-01 00:09:22,N,1,255,256,1,1.17,6.5,0.5,0.5,1.56,0,,0.3,9.36,1,1
2,2017-06-01 00:01:39,2017-06-01 00:08:39,N,1,41,42,1,1.24,7,0.5,0.5,1,0,,0.3,9.3,1,1
2,2017-06-01 00:02:42,2017-06-01 00:09:56,N,1,181,25,1,1.33,7.5,0.5,0.5,2.2,0,,0.3,11,1,1
2,2017-06-01 00:01:45,2017-06-01 00:10:08,N,1,74,168,1,1.80,8,0.5,0.5,0,0,,0.3,9.3,2,1
2,2017-06-01 00:05:57,2017-06-01 00:10:23,N,1,25,97,1,.36,4.5,0.5,0.5,1.16,0,,0.3,6.96,1,1
2,2017-06-01 00:04:19,2017-06-01 00:10:10,N,1,130,28,1,.96,6,0.5,0.5,0,0,,0.3,7.3,2,1
2,2017-06-01 00:00:24,2017-06-01 00:09:56,N,1,223,82,2,2.57,10.5,0.5,0.5,0,0,,0.3,11.8,2,1
2,2017-06-01 00:01:39,2017-06-01 00:10:56,N,1,74,152,1,1.94,9,0.5,0.5,0,0,,0.3,10.3,1,1
2,2017-06-01 00:04:56,2017-06-01 00:10:59,N,1,256,17,1,1.54,7,0.5,0.5,1.66,0,,0.3,9.96,1,1
2,2017-06-01 00:04:02,2017-06-01 00:10:53,N,1,17,37,1,1.39,7,0.5,0.5,1.66,0,,0.3,9.96,1,1
2,2017-06-01 00:03:54,2017-06-01 00:11:08,N,1,223,7,1,1.49,7.5,0.5,0.5,2.2,0,,0.3,11,1,1
2,2017-06-01 00:05:24,2017-06-01 00:10:31,N,1,112,255,1,.89,5.5,0.5,0.5,0,0,,0.3,6.8,2,1
2,2017-06-01 00:00:37,2017-06-01 00:11:12,N,1,225,35,1,2.26,10.5,0.5,0.5,0,0,,0.3,11.8,2,1
2,2017-06-01 00:04:45,2017-06-01 00:11:25,N,1,25,189,1,1.51,7.5,0.5,0.5,1.76,0,,0.3,10.56,1,1
2,2017-06-01 00:06:29,2017-06-01 00:11:41,N,1,95,95,1,1.22,6.5,0.5,0.5,1,0,,0.3,8.8,1,1
2,2017-06-01 00:03:42,2017-06-01 00:11:12,N,1,196,198,2,3.16,11,0.5,0.5,0,0,,0.3,12.3,2,1
2,2017-06-01 00:01:40,2017-06-01 00:11:39,N,1,33,148,1,3.40,12,0.5,0.5,3.32,0,,0.3,16.62,1,1
2,2017-06-01 00:06:11,2017-06-01 00:11:43,N,1,49,17,1,1.03,6,0.5,0.5,0,0,,0.3,7.3,2,1
2,2017-06-01 00:05:52,2017-06-01 00:12:11,N,1,49,181,1,1.16,6.5,0.5,0.5,0,0,,0.3,7.8,2,1
2,2017-06-01 00:03:47,2017-06-01 00:12:14,N,1,95,28,1,1.95,8.5,0.5,0.5,2.94,0,,0.3,12.74,1,1
2,2017-06-01 00:00:31,2017-06-01 00:12:36,N,1,134,132,2,6.39,20,0.5,0.5,4.26,0,,0.3,25.56,1,1
2,2017-06-01 00:05:13,2017-06-01 00:12:25,N,1,17,256,1,2.45,9,0.5,0.5,2.06,0,,0.3,12.36,1,1
2,2017-06-01 00:01:35,2017-06-02 00:00:00,N,1,42,119,1,2.57,10.5,0.5,0.5,0,0,,0.3,11.8,1,1
2,2017-06-01 00:08:11,2017-06-02 00:02:17,N,1,255,112,2,1.04,5.5,0.5,0.5,0,0,,0.3,6.8,2,1
2,2017-06-01 00:02:46,2017-06-01 00:13:10,N,1,74,152,1,1.74,9,0.5,0.5,0,0,,0.3,10.3,1,1
2,2017-06-01 00:08:56,2017-06-01 00:13:09,N,1,145,112,1,1.49,6.5,0.5,0.5,0,0,,0.3,7.8,1,1
2,2017-06-01 00:09:56,2017-06-01 00:12:52,N,1,41,42,1,.39,4,0.5,0.5,0,0,,0.3,5.3,1,1
2,2017-06-01 00:11:10,2017-06-01 00:13:08,N,1,74,75,1,.79,4,0.5,0.5,0,0,,0.3,5.3,2,1
2,2017-06-01 00:07:18,2017-06-01 00:13:05,N,1,223,223,2,1.29,6.5,0.5,0.5,1.95,0,,0.3,9.75,1,1
2,2017-06-01 00:07:13,2017-06-01 00:13:24,N,1,210,210,2,.95,6,0.5,0.5,1.7,0,,0.3,9,1,1
2,2017-06-01 00:05:08,2017-06-01 00:13:29,N,1,130,10,1,2.15,8.5,0.5,0.5,0,0,,0.3,9.8,1,1
2,2017-06-01 00:06:33,2017-06-01 00:13:40,N,5,136,243,1,1.76,12,0,0,2.4,0,,0,14.4,1,2
2,2017-06-01 00:00:22,2017-06-01 00:13:56,N,1,61,35,1,3.45,13,0.5,0.5,0,0,,0.3,14.3,1,1
2,2017-06-01 00:10:04,2017-06-01 00:13:22,N,1,41,74,1,.81,5,0.5,0.5,0,0,,0.3,6.3,2,1
2,2017-06-01 00:08:33,2017-06-01 00:13:22,N,1,82,56,1,1.29,6,0.5,0.5,0,0,,0.3,7.3,2,1
2,2017-06-01 00:03:01,2017-06-01 00:14:03,N,1,65,37,1,4.38,14.5,0.5,0.5,0,0,,0.3,15.8,2,1
2,2017-06-01 00:09:45,2017-06-01 00:14:19,N,1,7,7,1,.76,5,0.5,0.5,1.89,0,,0.3,8.19,1,1
2,2017-06-01 00:07:03,2017-06-01 00:14:29,N,1,256,112,1,1.49,7.5,0.5,0.5,0,0,,0.3,8.8,2,1
2,2017-06-01 00:06:45,2017-06-01 00:14:08,N,1,212,235,1,3.54,11.5,0.5,0.5,0,0,,0.3,12.8,2,1
2,2017-06-01 00:14:31,2017-06-01 00:14:55,N,1,95,95,2,.00,2.5,0.5,0.5,0,0,,0.3,3.8,2,1
2,2017-06-01 00:08:13,2017-06-01 00:14:59,N,1,16,252,1,2.59,9,0.5,0.5,0,0,,0.3,10.3,2,1
2,2017-06-01 00:01:21,2017-06-01 00:15:05,N,1,255,181,1,4.59,15.5,0.5,0.5,5.04,0,,0.3,21.84,1,1
2,2017-06-01 00:10:01,2017-06-01 00:15:10,N,1,255,112,1,1.15,6,0.5,0.5,1.46,0,,0.3,8.76,1,1
2,2017-06-01 00:03:35,2017-06-01 00:14:14,N,1,74,247,1,2.94,11.5,0.5,0.5,0,0,,0.3,12.8,2,1
2,2017-06-01 00:09:49,2017-06-01 00:14:33,N,1,112,112,1,.86,5.5,0.5,0.5,0,0,,0.3,6.8,2,1
2,2017-06-01 00:09:41,2017-06-01 00:15:05,N,1,7,223,1,1.12,6,0.5,0.5,1.46,0,,0.3,8.76,1,1
2,2017-06-01 00:09:31,2017-06-01 00:15:13,N,1,95,135,5,1.66,7,0.5,0.5,0,0,,0.3,8.3,2,1
2,2017-06-01 00:10:58,2017-06-01 00:14:50,N,1,7,223,1,.84,5,0.5,0.5,0,0,,0.3,6.3,2,1
2,2017-06-01 00:08:18,2017-06-01 00:15:54,N,1,97,256,1,3.29,11.5,0.5,0.5,3.2,0,,0.3,16,1,1
2,2017-06-01 00:10:53,2017-06-01 00:15:41,N,1,260,260,1,.98,5.5,0.5,0.5,2.04,0,,0.3,8.84,1,1
2,2017-06-01 00:11:58,2017-06-01 00:16:04,N,1,97,49,1,1.14,5.5,0.5,0.5,0,0,,0.3,6.8,2,1
2,2017-06-01 00:10:56,2017-06-01 00:15:20,N,1,255,255,1,1.01,5,0.5,0.5,0,0,,0.3,6.3,2,1
2,2017-06-01 00:07:56,2017-06-01 00:16:26,N,1,82,82,1,1.52,8,0.5,0.5,0,0,,0.3,9.3,2,1
2,2017-06-01 00:03:23,2017-06-01 00:15:47,N,1,7,56,5,6.26,18.5,0.5,0.5,0,0,,0.3,19.8,2,1
2,2017-06-01 00:07:50,2017-06-01 00:16:12,N,1,65,25,1,1.53,7.5,0.5,0.5,0,0,,0.3,8.8,1,1
2,2017-06-01 00:06:47,2017-06-01 00:16:40,N,1,127,243,1,1.88,9,0.5,0.5,0,0,,0.3,10.3,2,1
2,2017-06-01 00:04:44,2017-06-01 00:16:08,N,1,56,82,1,2.09,9.5,0.5,0.5,0,0,,0.3,10.8,2,1
2,2017-06-01 00:11:13,2017-06-01 00:16:43,N,1,129,129,1,1.12,6,0.5,0.5,1.7,0,,0.3,9,1,1
2,2017-06-01 00:07:32,2017-06-01 00:16:38,N,1,42,244,1,2.13,9,0.5,0.5,1,0,,0.3,11.3,1,1
2,2017-06-01 00:00:02,2017-06-01 00:16:53,N,1,82,7,1,4.58,17,0.5,0.5,0,0,,0.3,18.3,2,1
2,2017-06-01 00:12:31,2017-06-01 00:16:26,N,1,243,243,1,.55,4.5,0.5,0.5,0,0,,0.3,5.8,2,1
2,2017-06-01 00:02:57,2017-06-01 00:15:50,N,1,82,56,2,2.60,11,0.5,0.5,0,0,,0.3,12.3,2,1
2,2017-06-01 00:05:52,2017-06-01 00:17:19,N,1,112,226,1,2.77,11.5,0.5,0.5,2.56,0,,0.3,15.36,1,1
2,2017-06-01 00:10:06,2017-06-01 00:17:10,N,1,212,147,3,2.59,9.5,0.5,0.5,0,0,,0.3,10.8,2,1
2,2017-06-01 00:05:48,2017-06-01 00:17:23,N,1,134,258,1,3.02,11.5,0.5,0.5,0,0,,0.3,12.8,2,1
2,2017-06-01 00:06:48,2017-06-01 00:15:53,N,1,75,24,1,1.59,8,0.5,0.5,0,0,,0.3,9.3,2,1
2,2017-06-01 00:05:42,2017-06-01 00:17:22,N,1,129,83,1,2.85,11.5,0.5,0.5,0,0,,0.3,12.8,2,1
2,2017-06-01 00:04:26,2017-06-01 00:17:30,N,1,130,139,1,4.02,14,0.5,0.5,0,0,,0.3,15.3,2,1
2,2017-06-01 00:05:53,2017-06-01 00:17:41,N,1,255,226,1,3.39,12.5,0.5,0.5,0,0,,0.3,13.8,2,1
2,2017-06-01 00:12:50,2017-06-01 00:16:10,N,1,82,82,1,.26,4,0.5,0.5,0,0,,0.3,5.3,2,1
2,2017-06-01 00:04:22,2017-06-01 00:18:00,N,1,7,129,1,3.13,12,0.5,0.5,3.32,0,,0.3,16.62,1,1
2,2017-06-01 00:06:41,2017-06-01 00:18:15,N,1,25,190,1,2.70,11.5,0.5,0.5,3.84,0,,0.3,16.64,1,1
2,2017-06-01 00:03:15,2017-06-01 00:18:02,N,1,66,82,1,7.64,22.5,0.5,0.5,0,0,,0.3,23.8,1,1
2,2017-06-01 00:08:50,2017-06-01 00:18:08,N,1,260,7,5,1.86,9,0.5,0.5,0,0,,0.3,10.3,2,1
2,2017-06-01 00:06:17,2017-06-01 00:18:42,N,1,25,225,1,3.10,12,0.5,0.5,2.66,0,,0.3,15.96,1,1
2,2017-06-01 00:04:01,2017-06-01 00:19:14,N,1,97,36,5,3.25,13,0.5,0.5,0,0,,0.3,14.3,1,1
2,2017-06-01 00:11:45,2017-06-01 23:47:18,N,1,260,157,1,1.35,7,0.5,0.5,0,0,,0.3,8.3,2,1
2,2017-06-01 00:06:29,2017-06-01 00:19:24,N,1,256,233,2,4.82,16,0.5,0.5,3.46,0,,0.3,20.76,1,1
2,2017-06-01 00:07:42,2017-06-01 00:18:40,N,1,179,173,1,4.35,15,0.5,0.5,0,0,,0.3,16.3,2,1
2,2017-06-01 00:08:32,2017-06-01 00:19:28,N,1,95,121,6,2.70,11,0.5,0.5,0,0,,0.3,12.3,1,1
2,2017-06-01 00:09:59,2017-06-01 00:19:42,N,1,112,49,1,3.37,11.5,0.5,0.5,2.56,0,,0.3,15.36,1,1
2,2017-06-01 00:06:01,2017-06-01 00:19:59,N,1,255,97,1,3.31,12.5,0.5,0.5,2.2,0,,0.3,16,1,1
2,2017-06-01 00:18:27,2017-06-01 00:20:41,N,1,17,17,1,.42,3.5,0.5,0.5,0,0,,0.3,4.8,2,1
2,2017-06-01 00:01:01,2017-06-01 00:20:52,N,1,75,50,1,5.24,19,0.5,0.5,1,0,,0.3,21.3,1,1
2,2017-06-01 00:03:11,2017-06-01 00:20:59,N,1,41,169,1,4.33,16,0.5,0.5,0,0,,0.3,17.3,1,1
2,2017-06-01 00:10:21,2017-06-01 00:15:53,N,1,255,80,1,.88,5.5,0.5,0.5,0,0,,0.3,6.8,2,1
2,2017-06-01 00:04:07,2017-06-01 00:21:11,N,1,255,33,1,4.31,16.5,0.5,0.5,4.45,0,,0.3,22.25,1,1
2,2017-06-01 00:04:26,2017-06-01 00:21:19,N,1,65,65,1,2.22,12.5,0.5,0.5,0,0,,0.3,13.8,2,1
2,2017-06-01 00:06:36,2017-06-01 00:21:42,N,1,244,163,1,6.88,21,0.5,0.5,4.46,0,,0.3,26.76,1,1
2,2017-06-01 00:09:58,2017-06-01 00:21:03,N,1,7,82,1,2.13,10,0.5,0.5,0,0,,0.3,11.3,2,1
2,2017-06-01 00:07:30,2017-06-01 00:21:21,N,1,255,25,1,4.35,15,0.5,0.5,0,0,,0.3,16.3,2,1
2,2017-06-01 00:09:22,2017-06-01 00:22:17,N,1,25,61,2,2.90,12,0.5,0.5,3.32,0,,0.3,16.62,1,1
2,2017-06-01 00:11:02,2017-06-01 00:22:26,N,1,25,17,1,2.30,10,0.5,0.5,0,0,,0.3,11.3,2,1
2,2017-06-01 00:05:23,2017-06-01 00:21:48,N,1,37,7,1,5.97,19.5,0.5,0.5,0,0,,0.3,20.8,2,1
2,2017-06-01 00:10:56,2017-06-01 00:22:15,N,1,66,79,2,4.22,14,0.5,0.5,4.7,0,,0.3,20,1,1
2,2017-06-01 00:11:42,2017-06-01 00:22:26,N,1,49,61,1,2.61,10.5,0.5,0.5,0,0,,0.3,11.8,2,1
2,2017-06-01 00:08:15,2017-06-01 00:22:51,N,1,7,82,3,2.89,12.5,0.5,0.5,0,0,,0.3,13.8,2,1
2,2017-06-01 00:04:54,2017-06-01 00:22:58,N,1,129,9,1,9.66,28,0.5,0.5,5.86,0,,0.3,35.16,1,1
2,2017-06-01 00:05:20,2017-06-01 00:22:48,N,1,42,107,1,7.18,23,0.5,0.5,4.86,0,,0.3,29.16,1,1
2,2017-06-01 00:07:24,2017-06-01 00:23:01,N,1,255,113,1,3.54,14,0.5,0.5,3.06,0,,0.3,18.36,1,1
2,2017-06-01 00:08:35,2017-06-01 00:23:12,N,1,255,25,1,3.83,15,0.5,0.5,0,0,,0.3,16.3,2,1
2,2017-06-01 00:11:58,2017-06-01 00:23:14,N,1,255,37,2,2.41,9.5,0.5,0.5,2.16,0,,0.3,12.96,1,1
2,2017-06-01 00:08:02,2017-06-01 00:24:41,N,1,36,144,1,4.41,16,0.5,0.5,3.46,0,,0.3,20.76,1,1
2,2017-06-01 00:13:16,2017-06-01 00:24:32,N,1,83,223,1,2.30,10.5,0.5,0.5,0,0,,0.3,11.8,2,1
2,2017-06-01 00:10:28,2017-06-01 00:24:49,N,1,255,226,1,3.21,13,0.5,0.5,0,0,,0.3,14.3,2,1
2,2017-06-01 00:00:08,2017-06-01 00:25:09,N,1,41,144,1,9.18,29.5,0.5,0.5,7.7,0,,0.3,38.5,1,1
2,2017-06-01 00:04:20,2017-06-01 00:24:13,N,1,255,195,2,4.94,18,0.5,0.5,3.86,0,,0.3,23.16,1,1
2,2017-06-01 00:10:22,2017-06-01 00:25:56,N,1,255,80,1,2.78,12.5,0.5,0.5,3,0,,0.3,16.8,1,1
2,2017-06-01 00:06:49,2017-06-01 00:26:15,N,1,129,173,1,2.23,13,0.5,0.5,0,0,,0.3,14.3,2,1
2,2017-06-01 00:07:59,2017-06-01 00:27:06,N,1,112,225,1,3.28,15,0.5,0.5,3.26,0,,0.3,19.56,1,1
2,2017-06-01 00:10:54,2017-06-01 00:26:59,N,1,188,91,1,3.06,13,0.5,0.5,0,0,,0.3,14.3,2,1
2,2017-06-01 00:08:46,2017-06-01 00:27:54,N,1,255,145,1,2.59,15,0.5,0.5,0,0,,0.3,16.3,2,1
2,2017-06-01 00:00:40,2017-06-01 00:29:41,N,1,129,46,3,13.97,40.5,0.5,0.5,0,5.76,,0.3,47.56,2,1
2,2017-06-01 00:06:59,2017-06-01 00:29:55,N,1,42,48,1,6.20,22.5,0.5,0.5,4.76,0,,0.3,28.56,1,1
2,2017-06-01 00:07:12,2017-06-01 00:29:49,N,1,7,75,1,6.57,22,0.5,0.5,0,0,,0.3,23.3,2,1
2,2017-06-01 00:10:27,2017-06-01 00:30:21,N,1,255,249,1,4.68,17.5,0.5,0.5,3.76,0,,0.3,22.56,1,1
2,2017-06-01 00:07:44,2017-06-01 00:29:56,N,1,193,42,1,7.69,24,0.5,0.5,0,0,,0.3,25.3,2,1
2,2017-06-01 00:09:57,2017-06-01 00:31:39,N,1,255,158,1,4.91,19,0.5,0.5,4.06,0,,0.3,24.36,1,1
2,2017-06-01 00:13:53,2017-06-01 00:32:07,N,1,145,92,1,9.19,27,0.5,0.5,5.66,0,,0.3,33.96,1,1
2,2017-06-01 00:08:05,2017-06-01 00:33:33,N,1,188,79,1,6.59,23,0.5,0.5,3.64,0,,0.3,29.89,1,1
2,2017-06-01 00:09:55,2017-06-01 00:35:50,N,1,66,239,1,7.44,25.5,0.5,0.5,5.36,0,,0.3,32.16,1,1
2,2017-06-01 00:04:48,2017-06-01 00:36:14,N,1,42,226,1,8.47,29.5,0.5,0.5,6.16,0,,0.3,36.96,1,1
2,2017-06-01 00:07:42,2017-06-01 00:39:10,N,1,255,239,1,8.85,29,0.5,0.5,6.06,0,,0.3,36.36,1,1
2,2017-06-01 00:07:28,2017-06-01 00:42:06,N,5,61,74,2,14.01,45,0,0,0,0,,0,45,1,2
2,2017-06-01 00:08:27,2017-06-01 00:44:34,N,1,189,166,1,13.22,40,0.5,0.5,10.32,0,,0.3,51.62,1,1
2,2017-06-01 00:44:19,2017-06-01 01:03:33,N,1,255,88,1,4.45,17,0.5,0.5,3.7,0,,0.3,22,1,1
2,2017-06-01 00:11:34,2017-06-02 00:06:47,N,5,168,168,9,.01,8.09,0,0,0,0,,0,8.09,2,2
2,2017-06-01 00:12:09,2017-06-01 00:14:39,N,1,7,179,4,.63,4,0.5,0.5,0.7,0,,0.3,6,1,1
2,2017-06-01 00:11:16,2017-06-01 00:15:40,N,1,255,217,1,1.03,5.5,0.5,0.5,1.36,0,,0.3,8.16,1,1
2,2017-06-01 00:13:00,2017-06-01 00:16:23,N,1,25,49,1,.96,5,0.5,0.5,0,0,,0.3,6.3,1,1
2,2017-06-01 00:14:12,2017-06-01 00:17:11,N,1,7,7,1,.71,4.5,0.5,0.5,0,0,,0.3,5.8,2,1
2,2017-06-01 00:13:37,2017-06-01 00:16:52,N,1,112,112,1,.57,4,0.5,0.5,1.32,0,,0.3,6.62,1,1
2,2017-06-01 00:15:30,2017-06-01 00:17:16,N,1,168,168,1,.27,3.5,0.5,0.5,0,0,,0.3,4.8,2,1
2,2017-06-01 00:11:11,2017-06-01 00:17:16,N,1,255,80,1,1.17,6.5,0.5,0.5,0,0,,0.3,7.8,2,1
2,2017-06-01 00:14:12,2017-06-01 00:17:11,N,1,7,7,1,.71,-4.5,-0.5,-0.5,0,0,,-0.3,-5.8,4,1
2,2017-06-01 00:10:11,2017-06-01 00:18:20,N,1,256,4,1,2.53,9.5,0.5,0.5,1.62,0,,0.3,12.42,1,1
2,2017-06-01 00:13:49,2017-06-01 00:18:12,N,1,256,80,1,.90,5,0.5,0.5,1.26,0,,0.3,7.56,1,1
2,2017-06-01 00:11:45,2017-06-01 00:18:05,N,1,82,83,1,1.21,6.5,0.5,0.5,1.56,0,,0.3,9.36,1,1
2,2017-06-01 00:13:02,2017-06-01 00:17:05,N,1,92,92,1,.80,5,0.5,0.5,0,0,,0.3,6.3,2,1
2,2017-06-01 00:15:09,2017-06-01 00:18:19,N,1,74,75,1,1.14,5,0.5,0.5,0,0,,0.3,6.3,2,1
2,2017-06-01 00:13:16,2017-06-01 00:18:02,N,1,95,93,1,1.34,6.5,0.5,0.5,0,0,,0.3,7.8,2,1
2,2017-06-01 00:12:59,2017-06-01 00:19:35,N,1,75,74,1,2.51,9,0.5,0.5,1.7,0,,0.3,12,1,1
2,2017-06-01 00:14:57,2017-06-01 00:19:28,N,1,75,236,1,1.15,5.5,0.5,0.5,0,0,,0.3,6.8,2,1
2,2017-06-01 00:11:54,2017-06-01 00:19:31,N,1,82,70,1,3.07,11,0.5,0.5,0,0,,0.3,12.3,2,1
2,2017-06-01 00:17:42,2017-06-01 00:20:20,N,1,166,152,1,.47,4,0.5,0.5,0,0,,0.3,5.3,2,1
2,2017-06-01 00:11:31,2017-06-01 00:20:31,N,1,49,188,1,1.94,9,0.5,0.5,0,0,,0.3,10.3,2,1
2,2017-06-01 00:10:07,2017-06-01 00:19:41,N,1,95,130,1,2.50,10,0.5,0.5,0,0,,0.3,11.3,2,1
2,2017-06-01 00:13:38,2017-06-01 00:20:48,N,1,255,80,6,.89,6.5,0.5,0.5,0,0,,0.3,7.8,2,1
2,2017-06-01 00:08:42,2017-06-01 00:20:39,N,1,255,25,1,3.73,13.5,0.5,0.5,1.5,0,,0.3,16.3,1,1
2,2017-06-01 00:16:09,2017-06-01 00:20:36,N,1,146,7,1,.77,5,0.5,0.5,0,0,,0.3,6.3,2,1
2,2017-06-01 00:16:27,2017-06-01 00:21:06,N,1,255,80,1,.85,5,0.5,0.5,1.58,0,,0.3,7.88,1,1
2,2017-06-01 00:16:20,2017-06-01 00:21:26,N,1,25,189,1,.70,5.5,0.5,0.5,0,0,,0.3,6.8,1,1
2,2017-06-01 00:14:47,2017-06-01 00:21:04,N,1,41,116,1,1.70,7.5,0.5,0.5,0,0,,0.3,8.8,2,1
2,2017-06-01 00:15:53,2017-06-01 00:21:34,N,1,181,228,1,1.66,7.5,0.5,0.5,0,0,,0.3,8.8,1,1
2,2017-06-01 00:16:14,2017-06-01 00:21:02,N,1,7,7,1,.91,5.5,0.5,0.5,0,0,,0.3,6.8,2,1
2,2017-06-01 00:16:38,2017-06-01 00:21:35,N,1,7,226,1,1.50,6.5,0.5,0.5,1.56,0,,0.3,9.36,1,1
2,2017-06-01 00:12:44,2017-06-01 00:21:19,N,1,255,80,1,1.31,7.5,0.5,0.5,0,0,,0.3,8.8,2,1
2,2017-06-01 00:13:34,2017-06-01 00:21:23,N,1,255,97,1,2.37,9,0.5,0.5,0,0,,0.3,10.3,2,1
2,2017-06-01 00:11:18,2017-06-01 00:21:09,N,1,112,37,1,2.06,9,0.5,0.5,0,0,,0.3,10.3,2,1
2,2017-06-01 00:15:20,2017-06-01 00:22:02,N,1,255,112,1,1.35,7,0.5,0.5,1.66,0,,0.3,9.96,1,1
2,2017-06-01 00:20:02,2017-06-01 00:22:02,N,1,247,42,1,.50,4,0.5,0.5,0,0,,0.3,5.3,2,1
2,2017-06-01 00:19:56,2017-06-01 00:22:08,N,1,61,61,4,.52,4,0.5,0.5,0,0,,0.3,5.3,2,1
2,2017-06-01 00:19:11,2017-06-01 00:22:39,N,1,244,244,1,.59,4.5,0.5,0.5,1.45,0,,0.3,7.25,1,1
2,2017-06-01 00:15:38,2017-06-01 00:22:30,N,1,82,157,1,1.41,7,0.5,0.5,0,0,,0.3,8.3,2,1
2,2017-06-01 00:12:25,2017-06-01 00:23:13,N,1,33,112,1,4.28,14.5,0.5,0.5,3,0,,0.3,18.8,1,1
2,2017-06-01 00:22:48,2017-06-01 00:23:04,N,1,130,130,1,.05,2.5,0.5,0.5,0,0,,0.3,3.8,2,1
2,2017-06-01 00:19:19,2017-06-01 00:23:03,N,1,95,95,1,1.02,5.5,0.5,0.5,2,0,,0.3,8.8,1,1
2,2017-06-01 00:12:22,2017-06-01 00:22:15,N,1,75,69,1,3.00,11,0.5,0.5,0,0,,0.3,12.3,2,1
2,2017-06-01 00:11:55,2017-06-01 00:23:09,N,1,129,56,1,1.96,9.5,0.5,0.5,0,0,,0.3,10.8,2,1
2,2017-06-01 00:15:07,2017-06-01 00:23:42,N,1,7,223,2,2.07,8.5,0.5,0.5,0,0,,0.3,9.8,2,1
2,2017-06-01 00:12:01,2017-06-01 00:23:54,N,1,65,188,1,3.10,11.5,0.5,0.5,2.56,0,,0.3,15.36,1,1
2,2017-06-01 00:16:29,2017-06-01 00:23:48,N,1,33,25,1,1.04,6.5,0.5,0.5,0.75,0,,0.3,8.55,1,1
2,2017-06-01 00:15:15,2017-06-01 00:23:11,N,1,129,260,1,1.51,8,0.5,0.5,0,0,,0.3,9.3,2,1
2,2017-06-01 00:19:09,2017-06-01 00:24:09,N,1,41,151,1,.78,5.5,0.5,0.5,2.04,0,,0.3,8.84,1,1
2,2017-06-01 00:17:00,2017-06-01 00:24:10,N,1,97,17,1,1.57,7.5,0.5,0.5,2.64,0,,0.3,11.44,1,1
2,2017-06-01 00:18:58,2017-06-01 00:24:47,N,1,83,82,1,1.19,6.5,0.5,0.5,0,0,,0.3,7.8,2,1
2,2017-06-01 00:18:14,2017-06-01 00:24:07,N,1,82,56,1,1.45,7,0.5,0.5,0,0,,0.3,8.3,2,1
2,2017-06-01 00:12:43,2017-06-01 00:24:35,N,1,256,232,1,3.02,12,0.5,0.5,2.66,0,,0.3,15.96,1,1
2,2017-06-01 00:11:33,2017-06-01 00:24:08,N,1,7,82,5,2.04,10.5,0.5,0.5,0,0,,0.3,11.8,1,1
2,2017-06-01 00:15:54,2017-06-01 00:24:17,N,1,7,179,2,1.79,8.5,0.5,0.5,0,0,,0.3,9.8,2,1
2,2017-06-01 00:10:33,2017-06-01 00:24:27,N,1,41,167,2,3.39,13,0.5,0.5,0,0,,0.3,14.3,2,1
2,2017-06-01 00:22:28,2017-06-01 00:24:39,N,1,61,61,1,.41,3.5,0.5,0.5,0,0,,0.3,4.8,2,1
2,2017-06-01 00:20:50,2017-06-01 00:25:01,N,1,41,166,1,.97,5.5,0.5,0.5,0,0,,0.3,6.8,2,1
2,2017-06-01 00:00:59,2017-06-01 00:23:31,N,1,181,14,1,4.89,19,0.5,0.5,4.06,0,,0.3,24.36,1,1
2,2017-06-01 00:21:14,2017-06-01 00:25:00,N,1,7,7,1,.67,4.5,0.5,0.5,0,0,,0.3,5.8,1,1
2,2017-06-01 00:22:11,2017-06-01 00:25:29,N,1,24,151,1,.68,4.5,0.5,0.5,0,0,,0.3,5.8,2,1
2,2017-06-01 00:21:25,2017-06-01 00:25:43,N,1,193,202,1,1.33,6,0.5,0.5,1.46,0,,0.3,8.76,1,1
2,2017-06-01 00:19:31,2017-06-01 00:25:44,N,1,74,168,1,1.42,7,0.5,0.5,0,0,,0.3,8.3,2,1
2,2017-06-01 00:21:12,2017-06-01 00:25:35,N,1,92,171,1,.83,5,0.5,0.5,0,0,,0.3,6.3,2,1
2,2017-06-01 00:16:44,2017-06-01 00:26:01,N,5,42,41,1,1.87,7,0,0,0,0,,0,7,2,2
2,2017-06-01 00:17:14,2017-06-01 00:26:03,N,1,260,7,1,1.71,8,0.5,0.5,1.86,0,,0.3,11.16,1,1
2,2017-06-01 00:17:19,2017-06-01 00:26:10,N,1,42,168,1,2.41,9.5,0.5,0.5,0,0,,0.3,10.8,1,1
2,2017-06-01 00:22:40,2017-06-01 00:25:37,N,1,130,28,2,.64,4,0.5,0.5,0,0,,0.3,5.3,2,1
2,2017-06-01 00:20:19,2017-06-01 00:26:40,N,1,116,244,1,1.31,7,0.5,0.5,2.49,0,,0.3,10.79,1,1
2,2017-06-01 00:20:37,2017-06-01 00:26:36,N,1,42,43,1,.92,5.5,0.5,0.5,0,0,,0.3,6.8,2,1
2,2017-06-01 00:13:57,2017-06-01 00:26:11,N,1,260,82,5,1.31,9,0.5,0.5,0,0,,0.3,10.3,2,1
2,2017-06-01 00:19:11,2017-06-01 00:26:39,N,1,80,198,1,2.13,8.5,0.5,0.5,2.45,0,,0.3,12.25,1,1
2,2017-06-01 00:20:42,2017-06-01 00:26:28,N,1,223,70,1,3.55,12,0.5,0.5,2,0,,0.3,15.3,1,1
2,2017-06-01 00:23:41,2017-06-01 00:26:43,N,1,196,95,1,.65,4,0.5,0.5,0,0,,0.3,5.3,2,1
2,2017-06-01 00:11:54,2017-06-01 00:26:49,N,1,80,225,1,1.89,11.5,0.5,0.5,2.56,0,,0.3,15.36,1,1
2,2017-06-01 00:22:51,2017-06-01 00:27:16,N,1,97,49,1,1.18,6,0.5,0.5,0,0,,0.3,7.3,2,1
2,2017-06-01 00:14:59,2017-06-01 00:27:11,N,1,129,146,1,2.55,11,0.5,0.5,3,0,,0.3,15.3,1,1
2,2017-06-01 00:23:32,2017-06-01 00:27:12,N,1,130,215,1,.79,4.5,0.5,0.5,1.74,0,,0.3,7.54,1,1
2,2017-06-01 00:22:47,2017-06-01 00:27:22,N,1,112,255,1,.95,5.5,0.5,0.5,1.36,0,,0.3,8.16,1,1
2,2017-06-01 00:17:32,2017-06-01 00:27:02,N,1,7,129,2,2.00,9,0.5,0.5,0,0,,0.3,10.3,2,1
2,2017-06-01 00:21:04,2017-06-01 00:26:49,N,1,255,112,5,1.11,6,0.5,0.5,0,0,,0.3,7.3,2,1
2,2017-06-01 00:13:43,2017-06-01 00:27:35,N,1,255,36,5,3.07,12.5,0.5,0.5,2.76,0,,0.3,16.56,1,1
2,2017-06-01 00:19:46,2017-06-01 00:27:57,N,1,7,129,1,1.77,8,0.5,0.5,1.86,0,,0.3,11.16,1,1
2,2017-06-01 00:24:24,2017-06-01 00:27:30,N,1,188,188,1,.85,4.5,0.5,0.5,0,0,,0.3,5.8,2,1
2,2017-06-01 00:24:51,2017-06-01 00:28:11,N,1,75,74,1,1.02,5,0.5,0.5,1.89,0,,0.3,8.19,1,1
2,2017-06-01 00:21:12,2017-06-01 00:27:38,N,1,112,112,1,1.24,6.5,0.5,0.5,0,0,,0.3,7.8,2,1
2,2017-06-01 00:16:40,2017-06-01 00:27:59,N,1,181,61,1,2.12,10,0.5,0.5,1,0,,0.3,12.3,1,1
2,2017-06-01 00:25:25,2017-06-01 00:28:08,N,1,225,61,1,.49,4,0.5,0.5,0,0,,0.3,5.3,2,1
2,2017-06-01 00:22:00,2017-06-01 00:28:43,N,1,82,129,1,1.23,6.5,0.5,0.5,0,0,,0.3,7.8,2,1
2,2017-06-01 00:15:53,2017-06-01 00:27:49,N,1,95,121,1,2.35,11,0.5,0.5,1,0,,0.3,13.3,1,1
2,2017-06-01 00:13:49,2017-06-01 00:28:42,N,1,112,198,2,3.58,13.5,0.5,0.5,0,0,,0.3,14.8,2,1
2,2017-06-01 00:24:14,2017-06-01 00:29:14,N,1,134,134,2,.88,5.5,0.5,0.5,0,0,,0.3,6.8,2,1
2,2017-06-01 00:15:36,2017-06-01 00:29:12,N,1,7,263,1,4.24,14.5,0.5,0.5,0,0,,0.3,15.8,2,1
2,2017-06-01 00:16:15,2017-06-01 00:29:17,N,1,41,263,1,3.02,12,0.5,0.5,2.66,0,,0.3,15.96,1,1
2,2017-06-01 00:18:12,2017-06-01 00:29:31,N,1,25,89,1,3.03,11.5,0.5,0.5,0,0,,0.3,12.8,2,1
2,2017-06-01 00:16:09,2017-06-01 00:29:23,N,1,97,133,1,3.64,13.5,0.5,0.5,0,0,,0.3,14.8,2,1
2,2017-06-01 00:24:07,2017-06-01 00:29:20,N,1,255,80,1,.86,5.5,0.5,0.5,1.36,0,,0.3,8.16,1,1
2,2017-06-01 00:22:18,2017-06-01 00:29:26,N,1,82,129,2,1.16,7,0.5,0.5,0,0,,0.3,8.3,2,1
2,2017-06-01 00:21:10,2017-06-01 00:28:56,N,1,112,256,1,1.66,8,0.5,0.5,0,0,,0.3,9.3,2,1
2,2017-06-01 00:15:34,2017-06-01 00:29:32,N,1,129,7,1,2.26,11,0.5,0.5,2.46,0,,0.3,14.76,1,1
2,2017-06-01 00:27:12,2017-06-01 00:30:02,N,1,112,80,1,.78,4.5,0.5,0.5,1.45,0,,0.3,7.25,1,1
2,2017-06-01 00:23:04,2017-06-01 00:29:37,N,1,255,80,1,1.41,7,0.5,0.5,0,0,,0.3,8.3,2,1
2,2017-06-01 00:22:14,2017-06-01 00:29:35,N,1,82,160,1,1.94,8,0.5,0.5,1.86,0,,0.3,11.16,1,1
2,2017-06-01 00:18:47,2017-06-01 00:29:13,N,1,7,92,1,5.06,16,0.5,0.5,0,0,,0.3,17.3,2,1
2,2017-06-01 00:21:30,2017-06-01 00:29:23,N,1,223,7,5,1.31,7.5,0.5,0.5,0,0,,0.3,8.8,2,1
2,2017-06-01 00:24:24,2017-06-01 00:30:08,N,1,41,116,1,1.18,6.5,0.5,0.5,1.56,0,,0.3,9.36,1,1
2,2017-06-01 00:16:02,2017-06-01 00:23:58,N,1,223,7,1,.99,6,0.5,0.5,0,0,,0.3,7.3,2,1
2,2017-06-01 00:22:06,2017-06-01 00:30:18,N,1,42,74,1,1.59,8,0.5,0.5,2.79,0,,0.3,12.09,1,1
2,2017-06-01 00:24:31,2017-06-01 00:30:20,N,1,74,74,1,.85,6,0.5,0.5,1,0,,0.3,8.3,1,1
2,2017-06-01 00:15:24,2017-06-01 00:30:21,N,1,112,36,2,3.35,13,0.5,0.5,2.86,0,,0.3,17.16,1,1
2,2017-06-01 00:19:32,2017-06-01 00:30:29,N,1,25,231,1,2.68,11.5,0.5,0.5,2.56,0,,0.3,15.36,1,1
2,2017-06-01 00:22:55,2017-06-01 00:30:29,N,1,97,52,1,1.40,7.5,0.5,0.5,1.76,0,,0.3,10.56,1,1
2,2017-06-01 00:24:51,2017-06-01 00:29:51,N,1,69,159,1,.95,5.5,0.5,0.5,0,0,,0.3,6.8,2,1
2,2017-06-01 00:27:05,2017-06-01 00:30:36,N,1,7,7,1,.91,5,0.5,0.5,1.26,0,,0.3,7.56,1,1
2,2017-06-01 00:18:43,2017-06-01 00:30:13,N,1,97,37,1,2.91,11.5,0.5,0.5,2.56,0,,0.3,15.36,1,1
2,2017-06-01 00:23:14,2017-06-01 00:30:53,N,1,212,213,1,1.88,8,0.5,0.5,1.86,0,,0.3,11.16,1,1
2,2017-06-01 00:15:07,2017-06-01 00:30:14,N,1,80,37,1,2.69,12.5,0.5,0.5,0,0,,0.3,13.8,2,1
2,2017-06-01 00:28:10,2017-06-01 00:30:57,N,1,82,129,1,.34,4,0.5,0.5,1.06,0,,0.3,6.36,1,1
2,2017-06-01 00:26:24,2017-06-01 00:30:35,N,1,7,223,2,1.22,6,0.5,0.5,0,0,,0.3,7.3,2,1
2,2017-06-01 00:21:19,2017-06-01 00:30:51,N,1,17,189,1,1.85,9,0.5,0.5,1,0,,0.3,11.3,1,1
2,2017-06-01 00:28:34,2017-06-01 00:31:16,N,1,255,256,1,.52,4,0.5,0.5,1.32,0,,0.3,6.62,1,1
2,2017-06-01 00:14:22,2017-06-01 00:31:06,N,1,181,112,1,7.13,22.5,0.5,0.5,5.95,0,,0.3,29.75,1,1
2,2017-06-01 00:20:51,2017-06-01 00:31:23,N,1,255,17,1,2.35,10,0.5,0.5,3.39,0,,0.3,14.69,1,1
2,2017-06-01 00:18:02,2017-06-01 00:31:32,N,1,92,9,2,3.04,12,0.5,0.5,0,0,,0.3,13.3,2,1
2,2017-06-01 00:28:14,2017-06-01 00:31:45,N,1,260,260,1,.51,4.5,0.5,0.5,0,0,,0.3,5.8,1,1
2,2017-06-01 00:27:18,2017-06-01 00:31:28,N,1,95,135,1,1.20,6,0.5,0.5,0,0,,0.3,7.3,1,1
2,2017-06-01 00:23:26,2017-06-01 00:31:43,N,1,25,49,1,1.74,8,0.5,0.5,2.32,0,,0.3,11.62,1,1
2,2017-06-01 00:13:34,2017-06-01 00:31:40,N,1,80,61,1,3.95,14.5,0.5,0.5,0,0,,0.3,15.8,2,1
2,2017-06-01 00:25:23,2017-06-01 00:31:53,N,1,95,196,1,1.70,7,0.5,0.5,1.66,0,,0.3,9.96,1,1
2,2017-06-01 00:28:22,2017-06-01 00:30:55,N,1,7,7,3,.44,4,0.5,0.5,0,0,,0.3,5.3,2,1
2,2017-06-01 00:18:45,2017-06-01 00:31:52,N,1,255,49,1,2.75,11.5,0.5,0.5,0,0,,0.3,12.8,1,1
2,2017-06-01 00:26:08,2017-06-01 00:32:04,N,1,95,102,1,1.46,7,0.5,0.5,1.66,0,,0.3,9.96,1,1
2,2017-06-01 00:23:09,2017-06-01 00:31:37,N,1,7,226,1,1.85,8.5,0.5,0.5,0,0,,0.3,9.8,2,1
2,2017-06-01 00:19:35,2017-06-01 00:32:13,N,1,256,231,1,3.62,13.5,0.5,0.5,3.7,0,,0.3,18.5,1,1
2,2017-06-01 00:25:30,2017-06-01 00:31:40,N,1,61,25,1,1.41,7,0.5,0.5,0,0,,0.3,8.3,2,1
2,2017-06-01 00:24:05,2017-06-01 00:32:04,N,1,247,47,1,1.54,7.5,0.5,0.5,1.76,0,,0.3,10.56,1,1
2,2017-06-01 00:15:54,2017-06-01 00:31:32,N,1,255,233,5,5.55,18.5,0.5,0.5,0,0,,0.3,19.8,2,1
2,2017-06-01 00:30:29,2017-06-01 00:32:10,N,5,223,223,1,.70,45,0,0,0,0,,0,45,1,2
2,2017-06-01 00:21:03,2017-06-01 00:32:35,N,1,25,4,1,4.44,15,0.5,0.5,3.26,0,,0.3,19.56,1,1
2,2017-06-01 00:23:31,2017-06-01 00:32:28,N,1,112,37,1,2.26,9,0.5,0.5,3.09,0,,0.3,13.39,1,1
2,2017-06-01 00:32:23,2017-06-01 00:32:31,N,1,193,193,1,.00,2.5,0.5,0.5,1.14,0,,0.3,4.94,1,1
2,2017-06-01 00:15:05,2017-06-01 00:32:33,N,1,217,25,1,3.80,15,0.5,0.5,3.26,0,,0.3,19.56,1,1
2,2017-06-01 00:28:36,2017-06-01 00:32:03,N,1,95,95,1,.63,4.5,0.5,0.5,0,0,,0.3,5.8,2,1
2,2017-06-01 00:26:54,2017-06-01 00:32:29,N,1,14,228,1,3.44,11,0.5,0.5,0,0,,0.3,12.3,2,1
2,2017-06-01 00:21:15,2017-06-01 00:32:40,N,1,260,160,1,2.63,10.5,0.5,0.5,0,0,,0.3,11.8,2,1
2,2017-06-01 00:27:56,2017-06-01 00:32:16,N,1,223,7,1,.81,5,0.5,0.5,0,0,,0.3,6.3,2,1
2,2017-06-01 00:23:41,2017-06-01 00:32:50,N,1,255,148,1,2.69,10.5,0.5,0.5,2,0,,0.3,13.8,1,1
2,2017-06-01 00:23:23,2017-06-01 00:33:10,N,1,65,61,1,2.68,10,0.5,0.5,2.26,0,,0.3,13.56,1,1
2,2017-06-01 00:29:18,2017-06-01 00:32:54,N,1,56,95,1,.87,5,0.5,0.5,0,0,,0.3,6.3,2,1
2,2017-06-01 00:20:08,2017-06-01 00:33:18,N,1,82,95,1,3.65,13,0.5,0.5,2.86,0,,0.3,17.16,1,1
2,2017-06-01 00:28:53,2017-06-01 00:32:56,N,1,41,42,1,.94,5.5,0.5,0.5,2,0,,0.3,8.8,1,1
2,2017-06-01 00:23:44,2017-06-01 00:33:15,N,1,7,196,1,5.63,16.5,0.5,0.5,0,0,,0.3,17.8,2,1
2,2017-06-01 00:29:41,2017-06-01 00:33:42,N,1,41,42,1,.78,5,0.5,0.5,1.89,0,,0.3,8.19,1,1
2,2017-06-01 00:18:23,2017-06-01 00:33:49,N,1,168,151,1,3.23,13.5,0.5,0.5,2,0,,0.3,16.8,1,1
2,2017-06-01 00:18:00,2017-06-01 00:33:54,N,1,255,145,6,3.65,14,0.5,0.5,3.06,0,,0.3,18.36,1,1
2,2017-06-01 00:30:08,2017-06-01 00:33:45,N,1,255,112,1,.72,5,0.5,0.5,1.89,0,,0.3,8.19,1,1
2,2017-06-01 00:26:05,2017-06-01 00:33:57,N,1,255,17,1,1.51,7.5,0.5,0.5,1.76,0,,0.3,10.56,1,1
2,2017-06-01 00:32:50,2017-06-01 00:34:06,N,1,49,34,1,.42,3.5,0.5,0.5,0,0,,0.3,4.8,2,1
2,2017-06-01 00:31:59,2017-06-01 00:34:25,N,1,82,82,1,.45,4,0.5,0.5,0,0,,0.3,5.3,2,1
2,2017-06-01 00:25:59,2017-06-01 00:34:51,N,1,95,102,6,2.33,9.5,0.5,0.5,0,0,,0.3,10.8,2,1
2,2017-06-01 00:28:16,2017-06-01 00:35:25,N,1,65,40,1,1.75,7.5,0.5,0.5,1.76,0,,0.3,10.56,1,1
2,2017-06-01 00:22:18,2017-06-01 00:35:12,N,1,95,121,1,3.33,13,0.5,0.5,4.29,0,,0.3,18.59,1,1
2,2017-06-01 00:29:49,2017-06-01 00:34:18,N,1,134,28,1,1.55,6.5,0.5,0.5,0,0,,0.3,7.8,2,1
2,2017-06-01 00:21:30,2017-06-01 00:34:45,N,1,247,243,1,2.60,11.5,0.5,0.5,0,0,,0.3,12.8,2,1
2,2017-06-01 00:25:23,2017-06-01 00:35:01,N,1,112,80,1,1.49,8.5,0.5,0.5,0,0,,0.3,9.8,2,1
2,2017-06-01 00:30:31,2017-06-01 00:36:00,N,1,255,112,1,1.03,6,0.5,0.5,1.46,0,,0.3,8.76,1,1
2,2017-06-01 00:28:54,2017-06-01 00:36:02,N,1,130,219,1,4.21,13,0.5,0.5,0,0,,0.3,14.3,2,1
2,2017-06-01 00:28:49,2017-06-01 00:36:00,N,1,256,36,5,1.75,7.5,0.5,0.5,1.76,0,,0.3,10.56,1,1
2,2017-06-01 00:18:29,2017-06-01 00:35:02,N,1,129,93,1,3.84,13,0.5,0.5,0,0,,0.3,14.3,2,1
2,2017-06-01 00:31:02,2017-06-01 00:36:20,N,1,97,97,2,1.19,6,0.5,0.5,2.19,0,,0.3,9.49,1,1
2,2017-06-01 00:24:09,2017-06-01 00:36:29,N,1,255,49,5,3.26,12,0.5,0.5,2.66,0,,0.3,15.96,1,1
2,2017-06-01 00:32:16,2017-06-01 00:35:51,N,1,179,179,1,.98,5,0.5,0.5,0,0,,0.3,6.3,2,1
2,2017-06-01 00:28:01,2017-06-01 00:36:59,N,1,49,225,1,1.82,8,0.5,0.5,0,0,,0.3,9.3,2,1
2,2017-06-01 00:29:33,2017-06-01 00:35:34,N,1,17,225,1,1.21,6.5,0.5,0.5,0,0,,0.3,7.8,2,1
2,2017-06-01 00:26:31,2017-06-01 00:36:40,N,1,256,36,1,2.46,10,0.5,0.5,2.26,0,,0.3,13.56,1,1
2,2017-06-01 00:30:36,2017-06-01 00:36:53,N,1,92,192,1,1.20,7,0.5,0.5,0,0,,0.3,8.3,1,1
2,2017-06-01 00:17:30,2017-06-01 00:36:36,N,1,145,70,1,4.95,18,0.5,0.5,0,0,,0.3,19.3,2,1
2,2017-06-01 00:20:48,2017-06-01 00:36:52,N,1,256,66,6,3.49,14.5,0.5,0.5,3.16,0,,0.3,18.96,1,1
2,2017-06-01 00:31:03,2017-06-01 00:36:29,N,1,82,129,1,.69,5.5,0.5,0.5,0,0,,0.3,6.8,2,1
2,2017-06-01 00:27:22,2017-06-01 00:36:54,N,1,255,37,1,1.79,9,0.5,0.5,2.06,0,,0.3,12.36,1,1
2,2017-06-01 00:32:18,2017-06-01 00:36:43,N,1,82,82,1,1.01,5.5,0.5,0.5,0,0,,0.3,6.8,2,1
2,2017-06-01 00:19:19,2017-06-01 00:37:06,N,1,80,225,1,2.70,13.5,0.5,0.5,3.7,0,,0.3,18.5,1,1
2,2017-06-01 00:30:31,2017-06-01 00:37:05,N,1,82,129,1,2.37,9,0.5,0.5,2.06,0,,0.3,12.36,1,1
2,2017-06-01 00:21:08,2017-06-01 00:36:28,N,1,255,189,5,3.91,14.5,0.5,0.5,3.95,0,,0.3,19.75,1,1
2,2017-06-01 00:31:57,2017-06-01 00:36:46,N,1,97,181,1,1.11,6,0.5,0.5,0,0,,0.3,7.3,2,1
2,2017-06-01 00:25:40,2017-06-01 00:35:48,N,1,97,49,1,1.76,7.5,0.5,0.5,0,0,,0.3,8.8,2,1
2,2017-06-01 00:24:17,2017-06-01 00:35:37,N,1,82,56,5,2.03,9.5,0.5,0.5,0,0,,0.3,10.8,2,1
2,2017-06-01 00:30:37,2017-06-01 00:37:37,N,1,181,40,1,1.41,7,0.5,0.5,1,0,,0.3,9.3,1,1
2,2017-06-01 00:28:31,2017-06-01 00:37:36,N,1,260,7,1,1.76,8,0.5,0.5,1.86,0,,0.3,11.16,1,1
2,2017-06-01 00:24:38,2017-06-01 00:37:16,N,1,260,82,1,1.57,9.5,0.5,0.5,0,0,,0.3,10.8,2,1
2,2017-06-01 00:17:28,2017-06-01 00:37:49,N,1,83,9,1,7.02,23,0.5,0.5,2.43,0,,0.3,26.73,1,1
2,2017-06-01 00:33:03,2017-06-01 00:37:19,N,1,83,83,1,.69,5,0.5,0.5,0,0,,0.3,6.3,2,1
2,2017-06-01 00:34:30,2017-06-01 00:37:44,N,1,130,215,1,.84,4.5,0.5,0.5,5,0,,0.3,10.8,1,1
2,2017-06-01 00:29:16,2017-06-01 00:37:41,N,1,40,97,1,1.75,8.5,0.5,0.5,2.45,0,,0.3,12.25,1,1
2,2017-06-01 00:28:39,2017-06-01 00:37:41,N,1,25,49,1,1.84,9,0.5,0.5,2.06,0,,0.3,12.36,1,1
2,2017-06-01 00:33:00,2017-06-01 00:38:01,N,1,112,255,1,.92,5.5,0.5,0.5,1.36,0,,0.3,8.16,1,1
2,2017-06-01 00:27:07,2017-06-01 00:38:00,N,1,129,260,1,1.00,8.5,0.5,0.5,0,0,,0.3,9.8,2,1
2,2017-06-01 00:31:10,2017-06-01 00:38:14,N,1,52,49,1,1.83,7.5,0.5,0.5,1.76,0,,0.3,10.56,1,1
2,2017-06-01 00:18:39,2017-06-01 00:38:16,N,1,189,249,1,5.40,19,0.5,0.5,2,0,,0.3,22.3,1,1
2,2017-06-01 00:27:59,2017-06-01 00:35:27,N,1,106,133,1,2.35,9,0.5,0.5,0,0,,0.3,10.3,2,1
2,2017-06-01 00:22:30,2017-06-01 00:38:22,N,1,97,79,1,3.27,13.5,0.5,0.5,2.96,0,,0.3,17.76,1,1
2,2017-06-01 00:35:06,2017-06-01 00:39:02,N,1,159,159,1,.84,5,0.5,0.5,2,0,,0.3,8.3,1,1
2,2017-06-01 00:12:39,2017-06-01 00:38:18,N,1,130,100,1,12.94,36.5,0.5,0.5,0,5.76,,0.3,43.56,2,1
2,2017-06-01 00:16:22,2017-06-01 00:38:55,N,1,97,14,1,6.94,24,0.5,0.5,5.06,0,,0.3,30.36,1,1
2,2017-06-01 00:34:42,2017-06-01 00:39:00,N,1,129,82,1,.00,4.5,0.5,0.5,1.16,0,,0.3,6.96,1,1
2,2017-06-01 00:22:29,2017-06-01 00:38:08,N,1,49,71,1,3.56,14,0.5,0.5,0,0,,0.3,15.3,2,1
2,2017-06-01 00:29:30,2017-06-01 00:37:50,N,1,116,247,1,3.01,10.5,0.5,0.5,0,0,,0.3,11.8,2,1
2,2017-06-01 00:26:12,2017-06-01 00:39:16,N,1,97,106,1,1.14,8.5,0.5,0.5,4.5,0,,0.3,14.3,1,1
2,2017-06-01 00:31:17,2017-06-01 00:39:27,N,1,82,157,1,1.87,8,0.5,0.5,0,0,,0.3,9.3,2,1
2,2017-06-01 00:26:13,2017-06-01 00:39:36,N,1,255,61,1,3.73,13.5,0.5,0.5,0,0,,0.3,14.8,2,1
2,2017-06-01 00:33:03,2017-06-01 00:39:47,N,1,33,97,1,1.28,7,0.5,0.5,1.66,0,,0.3,9.96,1,1
2,2017-06-01 00:29:29,2017-06-01 00:39:44,N,1,36,225,1,1.78,8.5,0.5,0.5,1,0,,0.3,10.8,1,1
2,2017-06-01 00:23:07,2017-06-01 00:39:55,N,1,7,129,1,2.21,12,0.5,0.5,0,0,,0.3,13.3,2,1
2,2017-06-01 00:17:33,2017-06-01 00:40:10,N,1,112,162,1,6.90,23,0.5,0.5,4.86,0,,0.3,29.16,1,1
2,2017-06-01 00:33:36,2017-06-01 00:39:41,N,1,243,244,1,1.14,6.5,0.5,0.5,1.95,0,,0.3,9.75,1,1
2,2017-06-01 00:32:24,2017-06-01 00:40:35,N,1,36,255,1,2.02,8.5,0.5,0.5,1.96,0,,0.3,13.71,1,1
2,2017-06-01 00:32:24,2017-06-01 00:39:41,N,1,116,41,1,1.42,7,0.5,0.5,1.5,0,,0.3,9.8,1,1
2,2017-06-01 00:33:50,2017-06-01 00:40:28,N,1,260,157,2,1.54,7,0.5,0.5,2.08,0,,0.3,10.38,1,1
2,2017-06-01 00:25:30,2017-06-01 00:40:41,N,1,80,61,3,2.78,12,0.5,0.5,2.66,0,,0.3,15.96,1,1
2,2017-06-01 00:32:37,2017-06-01 00:40:24,N,1,146,223,1,2.14,9,0.5,0.5,2.06,0,,0.3,12.36,1,1
2,2017-06-01 00:31:26,2017-06-01 00:40:34,N,1,95,134,1,1.47,7.5,0.5,0.5,0,0,,0.3,8.8,1,1
2,2017-06-01 00:34:56,2017-06-01 00:40:19,N,1,226,7,1,.82,5.5,0.5,0.5,0,0,,0.3,6.8,2,1
2,2017-06-01 00:34:34,2017-06-01 00:41:08,N,1,129,70,5,1.97,8,0.5,0.5,0,0,,0.3,9.3,2,1
2,2017-06-01 00:37:47,2017-06-01 00:40:52,N,1,255,255,5,.66,4.5,0.5,0.5,1.74,0,,0.3,7.54,1,1
2,2017-06-01 00:37:51,2017-06-01 00:41:02,N,1,166,24,1,.52,4,0.5,0.5,0,0,,0.3,5.3,1,1
2,2017-06-01 00:37:29,2017-06-01 23:17:20,N,1,7,179,1,.75,4.5,0.5,0.5,1.16,0,,0.3,6.96,1,1
2,2017-06-01 00:36:00,2017-06-01 00:40:01,N,1,255,256,1,.95,5,0.5,0.5,0,0,,0.3,6.3,2,1
2,2017-06-01 00:26:25,2017-06-01 00:41:21,N,1,82,258,1,4.85,16.5,0.5,0.5,0,0,,0.3,17.8,1,1
2,2017-06-01 00:32:48,2017-06-01 00:40:59,N,1,37,37,1,2.23,8.5,0.5,0.5,1.96,0,,0.3,11.76,1,1
2,2017-06-01 00:37:00,2017-06-01 00:41:20,N,1,255,112,1,1.19,5.5,0.5,0.5,1.36,0,,0.3,8.16,1,1
2,2017-06-01 00:31:27,2017-06-01 00:41:05,N,1,82,196,1,2.37,9.5,0.5,0.5,2.16,0,,0.3,12.96,1,1
2,2017-06-01 00:38:03,2017-06-01 00:41:36,N,1,95,95,2,.90,5,0.5,0.5,0,0,,0.3,6.3,2,1
2,2017-06-01 00:39:26,2017-06-01 00:41:43,N,3,7,7,1,.01,21,0.5,0,0,0,,0.3,21.8,2,1
2,2017-06-01 00:37:42,2017-06-01 00:41:19,N,1,255,256,1,.78,4.5,0.5,0.5,0,0,,0.3,5.8,2,1
2,2017-06-01 00:35:43,2017-06-01 00:41:52,N,1,95,95,2,1.13,6.5,0.5,0.5,0,0,,0.3,7.8,2,1
2,2017-06-01 00:37:15,2017-06-01 00:41:12,N,1,181,106,1,.95,5,0.5,0.5,0,0,,0.3,6.3,2,1
2,2017-06-01 00:34:56,2017-06-01 00:41:02,N,1,52,195,1,1.90,7.5,0.5,0.5,0,0,,0.3,8.8,2,1
2,2017-06-01 00:38:54,2017-06-01 00:41:50,N,1,41,75,1,.53,4.5,0.5,0.5,0,0,,0.3,5.8,2,1
2,2017-06-01 00:29:10,2017-06-01 00:42:18,N,1,255,211,1,3.79,14,0.5,0.5,2.7,0,,0.3,18,1,1
2,2017-06-01 00:37:20,2017-06-01 00:41:37,N,1,95,95,1,1.12,5.5,0.5,0.5,0,0,,0.3,6.8,2,1
2,2017-06-01 00:27:26,2017-06-01 00:42:12,N,1,256,37,1,3.04,12.5,0.5,0.5,0,0,,0.3,13.8,2,1
2,2017-06-01 00:32:25,2017-06-01 00:41:27,N,1,112,80,1,1.61,8.5,0.5,0.5,0,0,,0.3,9.8,2,1
2,2017-06-01 00:30:11,2017-06-01 00:42:46,N,1,226,262,1,3.99,14,0.5,0.5,4.59,0,,0.3,19.89,1,1
2,2017-06-01 00:32:59,2017-06-01 00:42:07,N,1,95,258,2,2.75,10.5,0.5,0.5,0,0,,0.3,11.8,2,1
2,2017-06-01 00:33:39,2017-06-01 00:43:06,N,1,256,148,1,2.72,11,0.5,0.5,2.46,0,,0.3,14.76,1,1
2,2017-06-01 00:28:53,2017-06-01 00:42:52,N,1,256,25,1,3.45,13.5,0.5,0.5,2.96,0,,0.3,17.76,1,1
2,2017-06-01 00:29:41,2017-06-01 00:42:38,N,1,80,61,2,3.63,13.5,0.5,0.5,0,0,,0.3,14.8,2,1
2,2017-06-01 00:34:21,2017-06-01 00:42:39,N,1,75,69,1,3.40,11.5,0.5,0.5,0,0,,0.3,12.8,2,1
2,2017-06-01 00:31:57,2017-06-01 00:42:26,N,1,97,61,1,2.38,10,0.5,0.5,0,0,,0.3,11.3,2,1
2,2017-06-01 00:34:50,2017-06-01 00:43:19,N,1,256,4,1,2.62,10,0.5,0.5,2.26,0,,0.3,13.56,1,1
2,2017-06-01 00:33:53,2017-06-01 00:43:30,N,1,130,218,2,2.71,10.5,0.5,0.5,0,0,,0.3,11.8,1,1
2,2017-06-01 00:32:24,2017-06-01 00:42:53,N,1,82,56,1,2.14,9.5,0.5,0.5,0,0,,0.3,10.8,2,1
2,2017-06-01 00:29:29,2017-06-01 00:43:23,N,1,75,69,1,4.07,14.5,0.5,0.5,0,0,,0.3,15.8,2,1
2,2017-06-01 00:33:07,2017-06-01 00:43:40,N,1,255,97,6,3.15,11.5,0.5,0.5,2.56,0,,0.3,15.36,1,1
2,2017-06-01 00:22:06,2017-06-01 00:43:57,N,1,7,129,1,4.26,17.5,0.5,0.5,0,0,,0.3,18.8,1,1
2,2017-06-01 00:39:10,2017-06-01 00:43:47,N,1,255,112,1,.65,5,0.5,0.5,1.26,0,,0.3,7.56,1,1
2,2017-06-01 00:36:11,2017-06-01 00:44:07,N,1,65,40,1,1.32,7.5,0.5,0.5,1.76,0,,0.3,10.56,1,1
2,2017-06-01 00:35:43,2017-06-01 00:44:15,N,1,95,135,1,1.89,8.5,0.5,0.5,0,0,,0.3,9.8,2,1
2,2017-06-01 00:40:03,2017-06-01 00:43:49,N,1,41,42,1,1.25,6,0.5,0.5,0,0,,0.3,7.3,2,1
2,2017-06-01 00:42:53,2017-06-01 00:44:13,N,1,255,255,1,.31,3,0.5,0.5,1.29,0,,0.3,5.59,1,1
2,2017-06-01 00:16:33,2017-06-01 00:44:16,N,1,33,75,1,8.93,28,0.5,0.5,4,0,,0.3,33.3,1,1
2,2017-06-01 00:35:47,2017-06-01 00:43:59,N,1,41,75,1,1.41,7.5,0.5,0.5,0,0,,0.3,8.8,2,1
2,2017-06-01 00:37:55,2017-06-01 00:44:27,N,1,82,82,1,.97,6,0.5,0.5,0,0,,0.3,7.3,2,1
2,2017-06-01 00:37:09,2017-06-01 00:44:32,N,1,255,256,1,1.31,7,0.5,0.5,1.66,0,,0.3,9.96,1,1
2,2017-06-01 00:40:03,2017-06-01 00:44:40,N,1,7,226,1,1.08,5.5,0.5,0.5,0,0,,0.3,6.8,2,1
2,2017-06-01 00:30:04,2017-06-01 00:44:20,N,1,106,188,1,2.99,13,0.5,0.5,0,0,,0.3,14.3,1,1
2,2017-06-01 00:35:45,2017-06-01 00:44:49,N,1,42,42,1,1.87,8.5,0.5,0.5,1.96,0,,0.3,11.76,1,1
2,2017-06-01 00:37:29,2017-06-01 00:44:23,N,1,36,17,3,1.39,7,0.5,0.5,0,0,,0.3,8.3,2,1
2,2017-06-01 00:38:42,2017-06-01 00:45:04,N,1,129,157,5,1.41,7,0.5,0.5,1.66,0,,0.3,9.96,1,1
2,2017-06-01 00:35:58,2017-06-01 00:45:17,N,1,256,37,1,2.21,9,0.5,0.5,2.06,0,,0.3,12.36,1,1
2,2017-06-01 00:40:33,2017-06-01 00:43:37,N,1,41,24,6,.45,4,0.5,0.5,0,0,,0.3,5.3,2,1
2,2017-06-01 00:38:02,2017-06-01 00:44:55,N,1,130,197,1,2.03,8,0.5,0.5,2,0,,0.3,11.3,1,1
2,2017-06-01 00:30:50,2017-06-01 00:44:46,N,1,255,225,5,3.81,14,0.5,0.5,0,0,,0.3,15.3,2,1
2,2017-06-01 00:40:08,2017-06-01 00:45:01,N,1,41,42,1,1.34,6.5,0.5,0.5,0,0,,0.3,7.8,2,1
2,2017-06-01 00:40:04,2017-06-01 00:45:40,N,1,134,95,1,1.28,6.5,0.5,0.5,0,0,,0.3,7.8,1,1
2,2017-06-01 00:43:40,2017-06-01 00:45:54,N,1,129,129,1,.44,4,0.5,0.5,1.06,0,,0.3,6.36,1,1
2,2017-06-01 00:34:29,2017-06-01 00:45:02,N,1,61,17,1,2.45,10.5,0.5,0.5,0,0,,0.3,11.8,2,1
2,2017-06-01 00:44:29,2017-06-01 00:45:57,N,1,42,42,1,.45,3.5,0.5,0.5,0,0,,0.3,4.8,2,1
2,2017-06-01 00:38:12,2017-06-01 00:45:46,N,1,256,17,2,1.64,7.5,0.5,0.5,0,0,,0.3,8.8,2,1
2,2017-06-01 00:37:09,2017-06-01 00:46:04,N,1,37,157,1,2.86,10.5,0.5,0.5,2.36,0,,0.3,14.16,1,1
2,2017-06-01 00:30:25,2017-06-01 00:45:58,N,1,82,10,1,7.79,23,0.5,0.5,0,0,,0.3,24.3,1,1
2,2017-06-01 00:38:28,2017-06-01 00:46:07,N,1,256,37,1,1.71,8,0.5,0.5,2.79,0,,0.3,12.09,1,1
2,2017-06-01 00:42:18,2017-06-01 00:46:09,N,1,41,42,1,.98,5,0.5,0.5,0,0,,0.3,6.3,1,1
2,2017-06-01 00:41:08,2017-06-01 00:45:47,N,1,92,73,5,.89,5.5,0.5,0.5,0,0,,0.3,6.8,2,1
2,2017-06-01 00:39:37,2017-06-01 00:45:40,N,1,80,37,1,1.62,7,0.5,0.5,0,0,,0.3,8.3,2,1
2,2017-06-01 00:33:57,2017-06-01 00:46:10,N,1,52,256,5,4.83,16,0.5,0.5,3.46,0,,0.3,20.76,1,1
2,2017-06-01 00:38:00,2017-06-01 00:46:19,N,1,75,262,1,1.70,8.5,0.5,0.5,1,0,,0.3,10.8,1,1
2,2017-06-01 00:24:19,2017-06-01 00:46:32,N,1,255,236,1,7.91,25,0.5,0.5,5.26,0,,0.3,31.56,1,1
2,2017-06-01 00:43:06,2017-06-01 00:46:22,N,1,7,7,6,.90,5,0.5,0.5,1.26,0,,0.3,7.56,1,1
2,2017-06-01 00:28:22,2017-06-01 00:47:02,N,1,255,61,1,3.95,15.5,0.5,0.5,3.36,0,,0.3,22.11,1,1
2,2017-06-01 00:35:39,2017-06-01 00:46:52,N,1,40,181,1,2.31,10,0.5,0.5,0,0,,0.3,11.3,1,1
2,2017-06-01 00:37:09,2017-06-01 00:46:05,N,1,146,83,1,2.23,9.5,0.5,0.5,0,0,,0.3,10.8,2,1
2,2017-06-01 00:46:08,2017-06-01 00:46:37,N,1,49,49,1,.10,2.5,0.5,0.5,0,0,,0.3,3.8,2,1
2,2017-06-01 00:38:36,2017-06-01 00:47:00,N,1,255,17,1,2.10,8.5,0.5,0.5,0,0,,0.3,9.8,2,1
2,2017-06-01 00:33:09,2017-06-01 00:47:00,N,1,75,4,1,6.65,20,0.5,0.5,4.26,0,,0.3,25.56,1,1
2,2017-06-01 00:39:58,2017-06-01 00:46:28,N,1,119,168,1,2.72,9.5,0.5,0.5,0,0,,0.3,10.8,2,1
2,2017-06-01 00:41:59,2017-06-01 00:46:56,N,1,80,112,1,1.25,6.5,0.5,0.5,1,0,,0.3,8.8,1,1
2,2017-06-01 00:37:49,2017-06-01 00:46:40,N,1,130,218,1,2.79,9.5,0.5,0.5,0,0,,0.3,10.8,2,1
2,2017-06-01 00:32:34,2017-06-01 00:46:45,N,1,255,36,1,2.86,12,0.5,0.5,0,0,,0.3,13.3,2,1
2,2017-06-01 00:27:45,2017-06-01 00:46:36,N,1,255,263,1,5.78,19,0.5,0.5,4.06,0,,0.3,24.36,1,1
2,2017-06-01 00:32:53,2017-06-01 00:47:12,N,1,42,126,1,3.96,14.5,0.5,0.5,0,0,,0.3,15.8,1,1
2,2017-06-01 00:41:41,2017-06-01 00:47:20,N,1,134,197,2,2.40,8.5,0.5,0.5,1,0,,0.3,10.8,1,1
2,2017-06-01 00:26:27,2017-06-01 00:46:59,N,1,145,229,1,4.94,17.5,0.5,0.5,1.2,0,,0.3,20,1,1
2,2017-06-01 00:27:17,2017-06-01 00:46:36,N,1,255,95,5,6.72,21.5,0.5,0.5,4,0,,0.3,26.8,1,1
2,2017-06-01 00:36:00,2017-06-01 00:45:42,N,1,174,259,1,2.72,10.5,0.5,0.5,0,0,,0.3,11.8,2,1
2,2017-06-01 00:43:22,2017-06-01 00:47:25,N,1,134,134,2,.57,4.5,0.5,0.5,1.16,0,,0.3,6.96,1,1
2,2017-06-01 00:29:33,2017-06-01 00:47:45,N,1,40,36,5,4.76,17,0.5,0.5,0,0,,0.3,18.3,2,1
2,2017-06-01 00:38:18,2017-06-01 00:47:28,N,1,74,69,1,3.22,11,0.5,0.5,0,0,,0.3,12.3,2,1
2,2017-06-01 00:31:11,2017-06-01 00:47:19,N,1,256,198,1,3.68,13.5,0.5,0.5,3.7,0,,0.3,18.5,1,1
2,2017-06-01 00:21:50,2017-06-01 00:47:55,N,1,65,91,1,5.21,21,0.5,0.5,0,0,,0.3,22.3,2,1
2,2017-06-01 00:38:54,2017-06-01 00:47:41,N,1,74,152,6,1.76,8.5,0.5,0.5,1.5,0,,0.3,11.3,1,1
2,2017-06-01 00:40:04,2017-06-01 00:48:12,N,1,256,17,2,2.14,8.5,0.5,0.5,1.96,0,,0.3,11.76,1,1
2,2017-06-01 00:37:12,2017-06-01 00:48:14,N,1,25,195,1,2.28,10.5,0.5,0.5,1,0,,0.3,12.8,1,1
2,2017-06-01 00:37:27,2017-06-01 00:48:34,N,1,217,225,1,1.49,8.5,0.5,0.5,0,0,,0.3,9.8,2,1
2,2017-06-01 00:44:32,2017-06-01 00:48:42,N,1,255,112,1,1.11,5.5,0.5,0.5,2.04,0,,0.3,8.84,1,1
2,2017-06-01 00:38:30,2017-06-01 00:48:43,N,1,49,225,1,1.75,9,0.5,0.5,2.06,0,,0.3,12.36,1,1
2,2017-06-01 00:42:55,2017-06-01 00:48:24,N,1,82,83,1,1.41,6.5,0.5,0.5,0,0,,0.3,7.8,2,1
2,2017-06-01 00:45:51,2017-06-01 00:49:08,N,1,106,40,1,.75,4.5,0.5,0.5,1.5,0,,0.3,7.3,1,1
2,2017-06-01 00:38:15,2017-06-01 00:48:41,N,1,97,33,1,2.35,9.5,0.5,0.5,2.16,0,,0.3,12.96,1,1
2,2017-06-01 00:46:31,2017-06-01 00:49:04,N,1,95,95,1,.61,4,0.5,0.5,1.06,0,,0.3,6.36,1,1
2,2017-06-01 00:40:34,2017-06-01 00:49:06,N,1,80,145,5,2.57,10,0.5,0.5,2.82,0,,0.3,14.12,1,1
2,2017-06-01 00:28:48,2017-06-01 00:49:32,N,1,7,90,2,5.79,19.5,0.5,0.5,1.2,0,,0.3,22,1,1
2,2017-06-01 00:41:41,2017-06-01 00:49:35,N,1,25,195,1,2.21,9,0.5,0.5,2.58,0,,0.3,12.88,1,1
2,2017-06-01 00:33:59,2017-06-01 00:49:23,N,1,255,36,1,3.56,13.5,0.5,0.5,3.7,0,,0.3,18.5,1,1
2,2017-06-01 00:43:23,2017-06-01 00:49:13,N,1,7,226,1,1.33,6.5,0.5,0.5,0,0,,0.3,7.8,2,1
2,2017-06-01 00:26:28,2017-06-01 00:48:56,N,1,95,185,2,13.72,38,0.5,0.5,0,5.76,,0.3,45.06,2,1
2,2017-06-01 00:36:35,2017-06-01 00:49:39,N,1,25,62,1,2.80,11.5,0.5,0.5,2.56,0,,0.3,15.36,1,1
2,2017-06-01 00:39:17,2017-06-01 00:49:43,N,1,243,42,3,3.31,12.5,0.5,0.5,5,0,,0.3,18.8,1,1
2,2017-06-01 00:44:41,2017-06-01 00:49:41,N,1,256,37,4,.96,5.5,0.5,0.5,1.36,0,,0.3,8.16,1,1
2,2017-06-01 00:38:34,2017-06-01 00:50:14,N,1,130,205,1,3.59,12.5,0.5,0.5,0,0,,0.3,13.8,1,1
2,2017-06-01 00:45:38,2017-06-01 00:50:22,N,1,255,80,1,1.25,6,0.5,0.5,1.46,0,,0.3,8.76,1,1
2,2017-06-01 00:46:05,2017-06-01 00:50:17,N,1,41,42,1,.84,5.5,0.5,0.5,1.36,0,,0.3,8.16,1,1
2,2017-06-01 00:41:29,2017-06-01 00:50:43,N,1,49,225,1,1.88,8.5,0.5,0.5,1.96,0,,0.3,13.71,1,1
2,2017-06-01 00:32:58,2017-06-01 00:50:52,N,1,255,231,1,5.48,18.5,0.5,0.5,3.96,0,,0.3,23.76,1,1
2,2017-06-01 00:19:32,2017-06-01 00:50:01,N,1,97,222,1,7.32,24.5,0.5,0.5,0,0,,0.3,25.8,2,1
2,2017-06-01 00:42:33,2017-06-01 00:50:54,N,1,256,148,5,2.60,10,0.5,0.5,2.26,0,,0.3,13.56,1,1
2,2017-06-01 00:44:05,2017-06-01 00:50:45,N,1,130,197,1,1.84,7.5,0.5,0.5,1.76,0,,0.3,10.56,1,1
2,2017-06-01 00:24:55,2017-06-01 00:50:52,N,1,255,239,1,7.54,23.5,0.5,0.5,2,0,,0.3,26.8,1,1
2,2017-06-01 00:34:14,2017-06-01 00:51:01,N,1,255,106,2,4.60,17,0.5,0.5,3.66,0,,0.3,21.96,1,1
2,2017-06-01 00:39:54,2017-06-01 00:51:00,N,1,129,83,1,1.39,8.5,0.5,0.5,0,0,,0.3,9.8,2,1
2,2017-06-01 00:38:37,2017-06-01 00:51:10,N,1,74,166,1,2.05,10.5,0.5,0.5,0,0,,0.3,11.8,1,1
2,2017-06-01 00:29:09,2017-06-01 00:50:53,N,1,255,186,1,5.83,20,0.5,0.5,5.32,0,,0.3,26.62,1,1
2,2017-06-01 00:38:56,2017-06-01 00:51:10,N,1,7,145,1,2.59,11,0.5,0.5,3.08,0,,0.3,15.38,1,1
2,2017-06-01 00:41:24,2017-06-01 00:51:24,N,1,97,79,1,3.23,11.5,0.5,0.5,1.5,0,,0.3,14.3,1,1
2,2017-06-01 00:46:42,2017-06-01 00:50:56,N,1,95,196,1,1.27,5.5,0.5,0.5,0,0,,0.3,6.8,2,1
2,2017-06-01 00:46:37,2017-06-01 00:51:53,N,1,25,181,1,.80,5.5,0.5,0.5,0,0,,0.3,6.8,2,1
2,2017-06-01 00:43:55,2017-06-01 00:51:02,N,1,223,223,5,1.97,8,0.5,0.5,1.86,0,,0.3,11.16,1,1
2,2017-06-01 00:40:26,2017-06-01 00:50:52,N,1,225,255,1,2.17,9.5,0.5,0.5,0,0,,0.3,10.8,2,1
2,2017-06-01 00:34:26,2017-06-01 00:51:13,N,1,112,170,1,7.00,22,0.5,0.5,5,0,,0.3,28.3,1,1
2,2017-06-01 00:39:45,2017-06-01 00:51:09,N,1,181,181,1,2.11,8,0.5,0.5,0,0,,0.3,9.3,2,1
2,2017-06-01 00:42:50,2017-06-01 00:51:37,N,1,74,42,1,2.20,9,0.5,0.5,0,0,,0.3,10.3,2,1
2,2017-06-01 00:29:22,2017-06-01 00:51:53,N,1,255,89,1,7.41,23.5,0.5,0.5,3,0,,0.3,27.8,1,1
2,2017-06-01 00:27:54,2017-06-01 00:51:42,N,1,55,25,1,12.32,35.5,0.5,0.5,0,0,,0.3,36.8,2,1
2,2017-06-01 00:32:53,2017-06-01 00:51:48,N,1,7,70,1,4.56,17,0.5,0.5,2,0,,0.3,20.3,1,1
2,2017-06-01 00:28:49,2017-06-01 00:51:55,N,1,146,225,1,5.95,21,0.5,0.5,0,0,,0.3,22.3,2,1
2,2017-06-01 00:41:59,2017-06-01 00:52:09,N,1,49,181,1,1.77,9,0.5,0.5,0,0,,0.3,10.3,2,1
2,2017-06-01 00:45:47,2017-06-01 00:51:57,N,1,255,112,1,1.36,7,0.5,0.5,0,0,,0.3,8.3,2,1
2,2017-06-01 00:37:53,2017-06-01 00:51:57,N,1,97,37,1,3.63,14,0.5,0.5,0,0,,0.3,15.3,2,1
2,2017-06-01 00:49:06,2017-06-01 00:52:28,N,1,177,177,1,.84,5,0.5,0.5,0,0,,0.3,6.3,2,1
2,2017-06-01 00:49:00,2017-06-01 00:52:37,N,1,146,7,1,1.05,5.5,0.5,0.5,1.36,0,,0.3,8.16,1,1
2,2017-06-01 00:46:50,2017-06-01 00:52:55,N,1,95,56,1,1.45,7,0.5,0.5,2.08,0,,0.3,10.38,1,1
2,2017-06-01 00:35:28,2017-06-01 00:52:24,N,1,255,231,1,3.58,15,0.5,0.5,0,0,,0.3,16.3,2,1
2,2017-06-01 00:47:18,2017-06-01 00:53:02,N,1,255,255,1,.84,5.5,0.5,0.5,0,0,,0.3,6.8,2,1
2,2017-06-01 00:38:09,2017-06-01 00:53:08,N,1,25,62,1,3.13,13,0.5,0.5,2.86,0,,0.3,17.16,1,1
2,2017-06-01 00:31:18,2017-06-01 00:52:38,N,1,80,75,1,7.32,24,0.5,0.5,1,0,,0.3,26.3,1,1
2,2017-06-01 00:45:24,2017-06-01 00:52:55,N,1,49,17,1,1.36,7.5,0.5,0.5,2.64,0,,0.3,11.44,1,1
2,2017-06-01 00:37:47,2017-06-01 00:53:13,N,1,255,181,2,4.32,15,0.5,0.5,0,0,,0.3,16.3,1,1
2,2017-06-01 00:44:36,2017-06-01 00:52:55,N,1,181,189,5,1.90,8.5,0.5,0.5,1.96,0,,0.3,11.76,1,1
2,2017-06-01 00:47:36,2017-06-01 00:53:08,N,1,255,112,5,1.58,6.5,0.5,0.5,1.95,0,,0.3,9.75,1,1
2,2017-06-01 00:49:35,2017-06-01 00:53:25,N,1,69,47,1,.80,5,0.5,0.5,0,0,,0.3,6.3,2,1
2,2017-06-01 00:44:35,2017-06-01 00:53:13,N,1,260,157,5,2.17,9,0.5,0.5,0,0,,0.3,10.3,2,1
2,2017-06-01 00:47:39,2017-06-01 00:54:01,N,1,166,116,1,1.16,7,0.5,0.5,0,0,,0.3,8.3,2,1
2,2017-06-01 00:45:56,2017-06-01 00:54:13,N,1,17,80,2,2.46,9.5,0.5,0.5,1,0,,0.3,11.8,1,1
2,2017-06-01 00:51:34,2017-06-01 00:53:44,N,1,74,74,1,.52,4,0.5,0.5,0,0,,0.3,5.3,2,1
2,2017-06-01 00:48:37,2017-06-01 00:53:56,N,1,75,263,1,1.28,6.5,0.5,0.5,0,0,,0.3,7.8,2,1
2,2017-06-01 00:49:11,2017-06-01 00:54:29,N,1,42,247,1,1.40,6.5,0.5,0.5,1.95,0,,0.3,9.75,1,1
2,2017-06-01 00:50:21,2017-06-01 00:54:30,N,1,134,134,2,.82,5,0.5,0.5,1.89,0,,0.3,8.19,1,1
2,2017-06-01 00:44:43,2017-06-01 00:54:04,N,1,14,227,1,1.76,8.5,0.5,0.5,1.96,0,,0.3,11.76,1,1
2,2017-06-01 00:45:31,2017-06-01 00:54:23,N,1,7,260,2,1.84,8.5,0.5,0.5,0,0,,0.3,9.8,2,1
2,2017-06-01 00:48:19,2017-06-01 00:54:32,N,1,152,244,1,1.13,6.5,0.5,0.5,1,0,,0.3,8.8,1,1
2,2017-06-01 00:47:24,2017-06-01 00:54:48,N,1,80,148,1,2.50,9.5,0.5,0.5,2.16,0,,0.3,12.96,1,1
2,2017-06-01 00:43:23,2017-06-01 00:54:45,N,1,66,54,1,1.55,9,0.5,0.5,2.06,0,,0.3,12.36,1,1
2,2017-06-01 00:45:41,2017-06-01 00:54:09,N,1,92,171,1,2.18,9,0.5,0.5,0,0,,0.3,10.3,2,1
2,2017-06-01 00:53:18,2017-06-01 00:55:22,N,1,225,225,1,.64,4,0.5,0.5,0,0,,0.3,5.3,2,1
2,2017-06-01 00:44:19,2017-06-01 00:55:30,N,1,247,75,5,2.49,10.5,0.5,0.5,2.36,0,,0.3,14.16,1,1
2,2017-06-01 00:36:33,2017-06-01 00:55:32,N,1,80,148,1,3.62,16.5,0.5,0.5,0,0,,0.3,17.8,2,1
2,2017-06-01 00:36:41,2017-06-01 00:56:01,N,1,255,97,1,4.47,17,0.5,0.5,2,0,,0.3,20.3,1,1
2,2017-06-01 00:48:28,2017-06-01 00:55:21,N,1,41,74,1,.82,6.5,0.5,0.5,0,0,,0.3,7.8,2,1
2,2017-06-01 00:41:06,2017-06-01 00:55:27,N,1,49,89,1,3.46,13,0.5,0.5,0,0,,0.3,14.3,2,1
2,2017-06-01 00:47:07,2017-06-01 00:56:08,N,1,7,223,3,2.17,9,0.5,0.5,2.06,0,,0.3,12.36,1,1
2,2017-06-01 00:50:25,2017-06-01 00:55:56,N,1,17,17,1,.92,6,0.5,0.5,0,0,,0.3,7.3,2,1
2,2017-06-01 00:42:18,2017-06-01 00:53:46,N,1,256,4,1,2.55,11,0.5,0.5,0,0,,0.3,12.3,2,1
2,2017-06-01 00:48:33,2017-06-01 00:54:58,N,1,146,226,1,1.38,6.5,0.5,0.5,0,0,,0.3,7.8,2,1
2,2017-06-01 00:49:07,2017-06-01 00:55:23,N,1,17,97,1,1.44,7,0.5,0.5,0,0,,0.3,8.3,2,1
2,2017-06-01 00:51:23,2017-06-01 00:56:32,N,1,134,95,1,1.04,6,0.5,0.5,0,0,,0.3,7.3,1,1
2,2017-06-01 00:35:04,2017-06-01 00:56:06,N,1,41,240,1,9.13,26.5,0.5,0.5,0,0,,0.3,27.8,2,1
2,2017-06-01 00:49:55,2017-06-01 00:56:27,N,1,7,223,1,1.46,7,0.5,0.5,0,0,,0.3,8.3,2,1
2,2017-06-01 00:47:50,2017-06-01 00:57:24,N,1,42,107,1,7.02,20,0.5,0.5,0,0,,0.3,21.3,1,1
2,2017-06-01 00:38:49,2017-06-01 00:57:26,N,1,134,37,1,7.20,23,0.5,0.5,6.08,0,,0.3,30.38,1,1
2,2017-06-01 00:52:19,2017-06-01 00:56:49,N,1,226,226,1,.66,5,0.5,0.5,1,0,,0.3,7.3,1,1
2,2017-06-01 00:44:45,2017-06-01 00:57:10,N,1,82,57,5,2.03,10,0.5,0.5,0,0,,0.3,11.3,2,1
2,2017-06-01 00:46:48,2017-06-01 00:57:42,N,1,33,80,5,3.73,13.5,0.5,0.5,2,0,,0.3,16.8,1,1
2,2017-06-01 00:34:20,2017-06-01 00:57:14,N,1,255,181,1,5.90,21.5,0.5,0.5,4.56,0,,0.3,27.36,1,1
2,2017-06-01 00:41:29,2017-06-01 00:57:28,N,1,37,249,1,4.75,16.5,0.5,0.5,3.56,0,,0.3,21.36,1,1
2,2017-06-01 00:45:55,2017-06-01 00:58:10,N,1,255,36,1,2.85,11.5,0.5,0.5,3.2,0,,0.3,16,1,1
2,2017-06-01 00:41:52,2017-06-01 00:57:24,N,1,256,190,1,3.18,13.5,0.5,0.5,0,0,,0.3,14.8,2,1
2,2017-06-01 00:39:14,2017-06-01 00:58:36,N,1,66,262,1,7.90,25,0.5,0.5,5.26,0,,0.3,31.56,1,1
2,2017-06-01 00:36:46,2017-06-01 00:58:28,N,1,152,147,1,6.05,21.5,0.5,0.5,0,0,,0.3,22.8,2,1
2,2017-06-01 00:42:40,2017-06-01 00:58:16,N,1,65,7,1,9.74,27.5,0.5,0.5,0,0,,0.3,28.8,2,1
2,2017-06-01 00:49:34,2017-06-01 00:58:24,N,1,255,79,5,2.89,10.5,0.5,0.5,0,0,,0.3,11.8,1,1
2,2017-06-01 00:40:49,2017-06-01 00:59:08,N,1,255,223,1,6.64,21.5,0.5,0.5,4.56,0,,0.3,27.36,1,1
2,2017-06-01 00:49:08,2017-06-01 00:57:54,N,1,182,126,1,3.01,11,0.5,0.5,0,0,,0.3,12.3,2,1
2,2017-06-01 00:46:16,2017-06-01 00:59:16,N,1,36,61,5,3.41,12.5,0.5,0.5,0,0,,0.3,13.8,2,1
2,2017-06-01 00:38:48,2017-06-01 00:58:06,N,1,255,263,1,1.23,13.5,0.5,0.5,0,0,,0.3,14.8,2,1
2,2017-06-01 00:44:39,2017-06-01 00:59:26,N,1,33,89,1,5.54,18,0.5,0.5,4.82,0,,0.3,24.12,1,1
2,2017-06-01 00:39:14,2017-06-01 00:59:24,N,1,255,163,1,6.29,20.5,0.5,0.5,7.4,0,,0.3,29.2,1,1
2,2017-06-01 00:36:03,2017-06-01 00:59:31,N,1,97,161,3,7.95,25.5,0.5,0.5,5.36,0,,0.3,32.16,1,1
2,2017-06-01 00:30:14,2017-06-01 00:59:08,N,1,244,226,1,12.48,37,0.5,0.5,7.66,0,,0.3,45.96,1,1
2,2017-06-01 00:46:09,2017-06-01 00:59:12,N,1,256,226,5,3.68,13,0.5,0.5,0,0,,0.3,14.3,2,1
2,2017-06-01 00:45:14,2017-06-01 01:00:08,N,1,256,146,1,3.75,14.5,0.5,0.5,3.16,0,,0.3,18.96,1,1
2,2017-06-01 00:46:58,2017-06-01 00:59:26,N,1,256,256,1,1.60,9.5,0.5,0.5,0,0,,0.3,10.8,2,1
2,2017-06-01 00:51:08,2017-06-01 01:00:18,N,1,256,36,6,2.04,8.5,0.5,0.5,1.96,0,,0.3,11.76,1,1
2,2017-06-01 00:47:57,2017-06-01 01:00:09,N,1,223,168,1,4.05,14,0.5,0.5,0,5.76,,0.3,21.06,2,1
2,2017-06-01 00:41:19,2017-06-01 01:00:29,N,1,95,145,1,7.17,23,0.5,0.5,0,0,,0.3,24.3,2,1
2,2017-06-01 00:43:23,2017-06-01 01:02:08,N,1,255,137,1,5.56,20,0.5,0.5,2,0,,0.3,23.3,1,1
2,2017-06-01 00:42:49,2017-06-01 01:01:48,N,1,83,197,2,5.47,18.5,0.5,0.5,12.2,0,,0.3,32,1,1
2,2017-06-01 00:53:06,2017-06-01 01:01:24,N,1,97,61,1,1.82,8,0.5,0.5,0,0,,0.3,9.3,2,1
2,2017-06-01 00:49:03,2017-06-01 01:01:55,N,1,260,160,1,3.02,12,0.5,0.5,0,0,,0.3,13.3,1,1
2,2017-06-01 00:45:47,2017-06-01 01:02:31,N,1,255,106,1,4.89,17.5,0.5,0.5,3.76,0,,0.3,22.56,1,1
2,2017-06-01 00:45:49,2017-06-01 01:02:35,N,1,80,7,1,4.55,16.5,0.5,0.5,4.45,0,,0.3,22.25,1,1
2,2017-06-01 00:46:04,2017-06-01 01:02:47,N,1,130,129,1,9.16,26.5,0.5,0.5,0,0,,0.3,27.8,2,1
2,2017-06-01 00:32:18,2017-06-01 01:00:22,N,1,256,151,2,9.76,31,0.5,0.5,10.82,11,,0.3,54.12,1,1
2,2017-06-01 00:46:19,2017-06-02 00:21:23,N,1,255,82,1,6.58,21,0.5,0.5,0,0,,0.3,22.3,2,1
2,2017-06-01 00:44:22,2017-06-01 01:04:46,N,1,255,75,1,6.67,21,0.5,0.5,2,0,,0.3,24.3,1,1
2,2017-06-01 00:46:04,2017-06-01 01:05:10,N,1,16,95,1,8.17,25.5,0.5,0.5,6.7,0,,0.3,33.5,1,1
2,2017-06-01 00:42:44,2017-06-01 01:05:50,N,1,181,179,1,13.23,36.5,0.5,0.5,7.56,0,,0.3,47.31,1,1
2,2017-06-01 00:39:44,2017-06-01 01:06:51,N,1,36,63,1,4.49,20,0.5,0.5,0,0,,0.3,21.3,2,1
2,2017-06-01 00:32:17,2017-06-01 01:06:45,N,5,255,265,1,21.61,95,0,0,0,0,,0,95,2,2
2,2017-06-01 00:49:44,2017-06-01 01:08:24,N,1,36,189,1,4.13,16,0.5,0.5,2,0,,0.3,19.3,1,1
2,2017-06-01 00:51:45,2017-06-01 01:08:04,N,1,255,234,1,4.41,15.5,0.5,0.5,3.36,0,,0.3,20.16,1,1
2,2017-06-01 00:50:28,2017-06-01 01:08:27,N,1,255,61,1,4.71,16.5,0.5,0.5,3.56,0,,0.3,21.36,1,1
2,2017-06-01 00:54:24,2017-06-01 01:08:27,N,1,65,61,1,3.10,13,0.5,0.5,0,0,,0.3,14.3,2,1
2,2017-06-01 00:50:59,2017-06-01 01:08:54,N,1,25,14,1,5.44,19.5,0.5,0.5,3.2,0,,0.3,24,1,1
2,2017-06-01 00:48:22,2017-06-01 01:08:51,N,1,177,177,1,4.03,17,0.5,0.5,0,0,,0.3,18.3,2,1
2,2017-06-01 00:51:07,2017-06-01 01:10:02,N,1,256,262,1,7.10,22.5,0.5,0.5,4.76,0,,0.3,28.56,1,1
2,2017-06-01 00:45:08,2017-06-01 01:10:16,N,1,80,181,1,6.57,23.5,0.5,0.5,2.5,0,,0.3,27.3,1,1
2,2017-06-01 00:54:43,2017-06-01 01:10:37,N,1,255,263,1,5.92,18.5,0.5,0.5,3.96,0,,0.3,23.76,1,1
2,2017-06-01 00:45:14,2017-06-01 01:11:15,N,1,112,188,1,7.57,25,0.5,0.5,0,0,,0.3,26.3,2,1
2,2017-06-01 00:49:24,2017-06-01 01:16:30,N,1,256,43,1,9.37,29,0.5,0.5,6.06,0,,0.3,36.36,1,1
2,2017-06-01 00:51:01,2017-06-01 01:17:05,N,1,36,188,1,4.89,19.5,0.5,0.5,6.24,0,,0.3,27.04,1,1
2,2017-06-01 00:44:06,2017-06-01 01:11:38,N,1,95,41,6,12.53,37,0.5,0.5,0,5.76,,0.3,44.06,1,1
2,2017-06-01 00:38:17,2017-06-01 01:23:17,N,1,255,42,1,13.51,43,0.5,0.5,8.86,0,,0.3,53.16,1,1
2,2017-06-01 00:37:45,2017-06-01 01:21:36,N,1,37,254,2,19.27,55,0.5,0.5,0,0,,0.3,56.3,2,1
2,2017-06-01 00:51:38,2017-06-01 01:27:27,N,1,52,152,1,12.19,36.5,0.5,0.5,0,0,,0.3,37.8,2,1
2,2017-06-01 00:05:14,2017-06-01 00:09:44,N,1,244,116,1,.88,5.5,0.5,0.5,1.2,0,,0.3,8,1,1
2,2017-06-01 00:09:21,2017-06-01 00:12:59,N,1,74,42,1,1.07,5,0.5,0.5,0,0,,0.3,6.3,2,1
2,2017-06-01 00:23:34,2017-06-01 00:27:54,N,1,181,49,1,1.01,5,0.5,0.5,1.26,0,,0.3,7.56,1,1
2,2017-06-01 00:28:08,2017-06-01 00:40:17,N,1,41,247,1,3.40,12.5,0.5,0.5,0,0,,0.3,13.8,2,1
2,2017-06-01 00:44:09,2017-06-01 00:49:15,N,1,255,112,1,1.00,5.5,0.5,0.5,0,0,,0.3,6.8,2,1
2,2017-06-01 00:50:19,2017-06-01 00:53:29,N,1,157,226,1,.93,5,0.5,0.5,0,0,,0.3,6.3,2,1
2,2017-06-01 00:51:07,2017-06-01 00:55:13,N,1,255,256,2,.85,5,0.5,0.5,1.26,0,,0.3,7.56,1,1
2,2017-06-01 00:55:23,2017-06-01 00:55:25,N,1,255,255,1,.00,2.5,0.5,0.5,1.14,0,,0.3,4.94,1,1
2,2017-06-01 00:52:53,2017-06-01 00:56:01,N,1,116,116,1,.51,4.5,0.5,0.5,1.45,0,,0.3,7.25,1,1
2,2017-06-01 00:50:12,2017-06-01 00:55:58,N,1,42,41,1,1.47,7,0.5,0.5,0,0,,0.3,8.3,1,1
2,2017-06-01 00:40:29,2017-06-01 00:56:33,N,1,255,97,1,3.37,13,0.5,0.5,3.58,0,,0.3,17.88,1,1
2,2017-06-01 00:53:16,2017-06-01 00:56:52,N,1,82,129,1,.72,4.5,0.5,0.5,0,0,,0.3,5.8,2,1
2,2017-06-01 00:49:32,2017-06-01 00:57:32,N,1,7,260,2,1.57,7.5,0.5,0.5,2.64,0,,0.3,11.44,1,1
2,2017-06-01 00:49:48,2017-06-01 00:57:22,N,1,256,49,2,1.79,8,0.5,0.5,1,0,,0.3,10.3,1,1
2,2017-06-01 00:52:39,2017-06-01 00:57:32,N,1,112,255,1,1.17,6,0.5,0.5,1.46,0,,0.3,8.76,1,1
2,2017-06-01 00:52:52,2017-06-01 00:57:35,N,1,43,75,1,.65,5,0.5,0.5,0,0,,0.3,6.3,2,1
2,2017-06-01 00:51:46,2017-06-01 00:57:58,N,1,69,42,1,1.67,7.5,0.5,0.5,0,0,,0.3,8.8,2,1
2,2017-06-01 00:52:27,2017-06-01 00:58:12,N,1,82,56,1,.94,5.5,0.5,0.5,0,0,,0.3,6.8,2,1
2,2017-06-01 00:53:25,2017-06-01 00:58:58,N,1,255,256,1,1.20,5.5,0.5,0.5,1.36,0,,0.3,8.16,1,1
2,2017-06-01 00:55:39,2017-06-01 00:58:56,N,1,17,61,1,.80,4.5,0.5,0.5,0,0,,0.3,5.8,2,1
2,2017-06-01 00:55:32,2017-06-01 00:59:10,N,1,49,189,1,.70,5,0.5,0.5,1.58,0,,0.3,7.88,1,1
2,2017-06-01 00:54:23,2017-06-01 00:59:57,N,1,112,226,1,1.17,6.5,0.5,0.5,0,0,,0.3,7.8,2,1
2,2017-06-01 00:52:52,2017-06-01 00:59:59,N,1,226,82,1,2.33,9.5,0.5,0.5,0,0,,0.3,10.8,2,1
2,2017-06-01 00:51:59,2017-06-01 01:00:27,N,1,152,238,2,2.29,9,0.5,0.5,2.2,0,,0.3,12.5,1,1
2,2017-06-01 00:53:00,2017-06-01 00:59:58,N,1,181,62,5,2.40,9,0.5,0.5,0,0,,0.3,10.3,2,1
2,2017-06-01 00:54:01,2017-06-01 00:58:52,N,1,65,97,2,.72,5,0.5,0.5,0,0,,0.3,6.3,2,1
2,2017-06-01 00:55:21,2017-06-01 01:00:27,N,1,166,42,1,1.04,6,0.5,0.5,1.46,0,,0.3,8.76,1,1
2,2017-06-01 00:57:57,2017-06-01 01:00:19,N,1,80,37,1,.60,4,0.5,0.5,0,0,,0.3,5.3,2,1
2,2017-06-01 00:56:17,2017-06-01 01:00:40,N,1,42,42,1,1.08,5.5,0.5,0.5,0,0,,0.3,6.8,2,1
2,2017-06-01 00:54:25,2017-06-01 01:00:53,N,1,80,17,2,1.96,8,0.5,0.5,0,0,,0.3,9.3,2,1
2,2017-06-01 00:57:09,2017-06-01 01:01:11,N,1,7,179,1,.87,5,0.5,0.5,1.26,0,,0.3,7.56,1,1
2,2017-06-01 00:58:00,2017-06-01 01:01:36,N,1,7,7,5,.66,4.5,0.5,0.5,0,0,,0.3,5.8,2,1
2,2017-06-01 00:53:43,2017-06-01 01:01:11,N,1,256,37,1,1.61,7.5,0.5,0.5,0,0,,0.3,8.8,2,1
2,2017-06-01 00:54:05,2017-06-01 01:01:02,N,1,188,49,1,1.76,8,0.5,0.5,1.86,0,,0.3,11.16,1,1
2,2017-06-01 00:55:01,2017-06-01 01:01:46,N,1,82,82,1,1.84,8,0.5,0.5,1,0,,0.3,10.3,1,1
2,2017-06-01 00:54:30,2017-06-01 00:57:20,N,1,61,61,1,.46,4,0.5,0.5,0,0,,0.3,5.3,2,1
2,2017-06-01 00:56:46,2017-06-01 01:01:46,N,1,7,179,5,.71,5.5,0.5,0.5,0,0,,0.3,6.8,2,1
2,2017-06-01 00:57:49,2017-06-01 01:01:29,N,1,7,193,6,.82,5,0.5,0.5,0,0,,0.3,6.3,2,1
2,2017-06-01 00:57:09,2017-06-01 01:02:14,N,1,42,75,1,1.61,7,0.5,0.5,1.25,0,,0.3,9.55,1,1
2,2017-06-01 00:59:22,2017-06-01 01:02:22,N,1,25,106,1,.73,4.5,0.5,0.5,1.16,0,,0.3,6.96,1,1
2,2017-06-01 00:56:32,2017-06-01 01:01:51,N,1,36,198,1,1.10,6,0.5,0.5,0,0,,0.3,7.3,2,1
2,2017-06-01 00:59:12,2017-06-01 01:02:29,N,1,41,75,1,.88,5,0.5,0.5,1,0,,0.3,7.3,1,1
2,2017-06-01 00:58:35,2017-06-01 01:02:46,N,1,80,80,2,.66,5,0.5,0.5,1.58,0,,0.3,7.88,1,1
2,2017-06-01 00:57:30,2017-06-01 01:02:44,N,1,223,7,1,.91,5.5,0.5,0.5,1.36,0,,0.3,8.16,1,1
2,2017-06-01 00:51:58,2017-06-01 01:02:24,N,1,112,17,1,2.91,10.5,0.5,0.5,0,0,,0.3,11.8,2,1
2,2017-06-01 00:55:59,2017-06-01 01:02:45,N,1,7,223,2,1.29,7,0.5,0.5,1.66,0,,0.3,9.96,1,1
2,2017-06-01 00:57:15,2017-06-01 01:03:30,N,1,121,130,1,1.18,7,0.5,0.5,1.66,0,,0.3,9.96,1,1
2,2017-06-01 00:58:05,2017-06-01 01:03:07,N,1,146,179,1,1.17,6,0.5,0.5,0,0,,0.3,7.3,2,1
2,2017-06-01 00:56:49,2017-06-01 01:03:41,N,1,223,179,5,1.23,7,0.5,0.5,0,0,,0.3,8.3,2,1
2,2017-06-01 00:57:52,2017-06-01 01:03:42,N,1,244,243,1,1.14,6.5,0.5,0.5,0,0,,0.3,7.8,2,1
2,2017-06-01 00:57:33,2017-06-01 01:03:50,N,1,181,189,3,1.70,7.5,0.5,0.5,2.2,0,,0.3,11,1,1
2,2017-06-01 00:55:01,2017-06-01 01:04:06,N,1,260,173,1,2.00,9,0.5,0.5,2.06,0,,0.3,12.36,1,1
2,2017-06-01 00:55:30,2017-06-01 01:04:10,N,1,260,82,1,1.36,7.5,0.5,0.5,1,0,,0.3,9.8,1,1
2,2017-06-01 00:58:02,2017-06-01 01:04:04,N,1,243,119,1,1.10,6.5,0.5,0.5,0,0,,0.3,7.8,2,1
2,2017-06-01 00:52:29,2017-06-01 01:02:48,N,1,189,61,1,.91,8,0.5,0.5,0,0,,0.3,9.3,2,1
2,2017-06-01 00:58:48,2017-06-01 01:04:18,N,1,129,129,5,1.13,6,0.5,0.5,0,0,,0.3,7.3,2,1
2,2017-06-01 00:52:21,2017-06-01 01:03:52,N,1,260,129,2,1.41,9,0.5,0.5,0,0,,0.3,10.3,2,1
2,2017-06-01 00:53:18,2017-06-01 01:03:23,N,1,25,181,2,2.40,9.5,0.5,0.5,0,0,,0.3,10.8,2,1
2,2017-06-01 00:50:47,2017-06-01 01:05:10,N,1,256,137,1,4.09,15,0.5,0.5,3.26,0,,0.3,19.56,1,1
2,2017-06-01 00:58:21,2017-06-01 01:04:31,N,1,82,56,1,1.45,7,0.5,0.5,1.66,0,,0.3,9.96,1,1
2,2017-06-01 00:52:09,2017-06-01 01:04:29,N,1,80,198,5,3.07,11.5,0.5,0.5,0,0,,0.3,12.8,2,1
2,2017-06-01 00:58:58,2017-06-01 01:04:51,N,1,112,80,5,1.37,6.5,0.5,0.5,1.56,0,,0.3,9.36,1,1
2,2017-06-01 00:54:15,2017-06-01 01:05:24,N,1,112,256,1,2.29,10,0.5,0.5,2.26,0,,0.3,15.51,1,1
2,2017-06-01 00:58:54,2017-06-01 01:04:52,N,1,129,129,1,.87,6,0.5,0.5,0,0,,0.3,7.3,2,1
2,2017-06-01 00:57:20,2017-06-01 01:05:11,N,1,7,129,1,1.84,8,0.5,0.5,0,0,,0.3,9.3,1,1
2,2017-06-01 00:54:26,2017-06-01 01:05:26,N,1,256,198,1,2.77,10.5,0.5,0.5,0,0,,0.3,11.8,2,1
2,2017-06-01 00:58:53,2017-06-01 01:05:03,N,1,112,37,1,1.39,6.5,0.5,0.5,0,0,,0.3,7.8,2,1
2,2017-06-01 00:58:23,2017-06-01 01:05:58,N,1,65,49,1,1.24,6,0.5,0.5,1.82,0,,0.3,9.12,1,1
2,2017-06-01 00:50:18,2017-06-01 01:06:06,N,1,256,234,1,4.14,15.5,0.5,0.5,1,0,,0.3,17.8,1,1
2,2017-06-01 00:57:35,2017-06-01 01:05:40,N,1,75,42,1,2.18,9,0.5,0.5,0,0,,0.3,10.3,2,1
2,2017-06-01 00:57:37,2017-06-01 01:06:18,N,1,80,37,1,1.88,8.5,0.5,0.5,2.45,0,,0.3,12.25,1,1
2,2017-06-01 00:54:20,2017-06-01 01:06:11,N,1,181,61,5,2.26,11,0.5,0.5,3.69,0,,0.3,15.99,1,1
2,2017-06-01 00:56:10,2017-06-01 01:06:11,N,1,97,25,1,1.65,7.5,0.5,0.5,0,0,,0.3,8.8,2,1
2,2017-06-01 00:54:26,2017-06-01 01:07:06,N,1,36,49,1,2.50,11,0.5,0.5,2.46,0,,0.3,14.76,1,1
2,2017-06-01 00:54:45,2017-06-01 01:07:16,N,1,65,225,1,2.80,11.5,0.5,0.5,2,0,,0.3,14.8,1,1
2,2017-06-01 00:54:49,2017-06-01 01:06:41,N,1,260,160,1,2.84,11.5,0.5,0.5,0,0,,0.3,12.8,2,1
2,2017-06-01 00:59:23,2017-06-01 01:07:26,N,1,129,129,6,1.31,7.5,0.5,0.5,1,0,,0.3,9.8,1,1
2,2017-06-01 00:51:11,2017-06-01 01:07:35,N,1,255,181,1,4.76,16.5,0.5,0.5,3,0,,0.3,20.8,1,1
2,2017-06-01 00:58:29,2017-06-01 01:09:19,N,1,256,80,1,1.98,9.5,0.5,0.5,2.16,0,,0.3,12.96,1,1
2,2017-06-01 00:52:33,2017-06-01 01:09:39,N,1,256,181,6,5.81,19,0.5,0.5,0,0,,0.3,20.3,2,1
2,2017-06-01 00:56:17,2017-06-01 01:09:58,N,1,80,36,1,2.94,12,0.5,0.5,0,0,,0.3,13.3,2,1
2,2017-06-01 00:54:53,2017-06-01 01:09:28,N,1,255,33,2,4.34,16,0.5,0.5,3.46,0,,0.3,20.76,1,1
2,2017-06-01 00:50:38,2017-06-01 01:11:56,N,1,112,198,6,5.16,18.5,0.5,0.5,4.95,0,,0.3,24.75,1,1
2,2017-06-01 00:58:25,2017-06-01 01:12:33,N,1,130,191,1,3.82,14,0.5,0.5,0,0,,0.3,15.3,1,1
2,2017-06-01 00:56:39,2017-06-01 01:12:50,N,1,116,262,1,4.64,17,0.5,0.5,0,0,,0.3,18.3,2,1
2,2017-06-01 00:57:41,2017-06-01 01:13:19,N,1,80,61,1,3.55,14,0.5,0.5,0,0,,0.3,15.3,2,1
2,2017-06-01 00:51:46,2017-06-01 01:17:15,N,1,256,7,1,5.02,20,0.5,0.5,4.26,0,,0.3,25.56,1,1
2,2017-06-01 00:55:24,2017-06-01 01:19:45,N,1,179,225,2,8.56,27.5,0.5,0.5,0,0,,0.3,28.8,2,1
2,2017-06-01 00:56:26,2017-06-01 01:19:39,N,1,260,63,1,6.12,21.5,0.5,0.5,0,0,,0.3,22.8,2,1
2,2017-06-01 00:58:25,2017-06-01 01:21:25,N,1,49,237,1,9.36,28,0.5,0.5,4.4,0,,0.3,35.65,1,1
2,2017-06-01 00:50:58,2017-06-01 01:22:12,N,1,256,195,1,5.32,25,0.5,0.5,0,0,,0.3,26.3,2,1
2,2017-06-01 00:58:28,2017-06-01 01:23:32,N,1,41,94,1,5.86,21.5,0.5,0.5,5.7,0,,0.3,28.5,1,1
2,2017-06-01 00:28:25,2017-06-01 00:29:31,N,1,56,56,1,.38,3,0.5,0.5,0,0,,0.3,4.3,2,1
2,2017-06-01 00:51:59,2017-06-01 01:31:26,N,1,66,14,1,7.43,30.5,0.5,0.5,0,0,,0.3,31.8,2,1
2,2017-06-01 00:56:24,2017-06-01 01:36:25,N,1,255,181,1,7.49,31.5,0.5,0.5,6.56,0,,0.3,39.36,1,1
2,2017-06-01 00:48:50,2017-06-01 01:03:44,N,1,255,225,1,2.79,12.5,0.5,0.5,2.76,0,,0.3,16.56,1,1
2,2017-06-01 00:59:07,2017-06-01 01:15:25,N,1,255,173,1,6.09,20,0.5,0.5,0,0,,0.3,21.3,2,1
2,2017-06-01 00:13:04,2017-06-01 00:34:22,N,1,166,127,1,6.06,21,0,0.5,3.27,0,,0.3,25.07,1,1
2,2017-06-01 00:00:00,2017-06-01 00:00:00,N,1,43,142,1,2.44,12,0,0.5,0,0,,0.3,12.8,2,1
2,2017-06-01 00:00:00,2017-06-01 00:00:00,N,1,66,65,1,5.62,19.5,0,0.5,0,0,,0.3,20.3,2,1
2,2017-06-01 00:00:00,2017-06-01 00:00:00,N,1,168,174,5,7.70,24,0.5,0.5,5.06,0,,0.3,30.36,1,1
1,2017-06-01 00:59:41,2017-06-01 01:09:49,N,1,112,37,1,2.40,9.5,0.5,0.5,0,0,,0.3,10.8,2,1
1,2017-06-01 00:58:47,2017-06-01 01:04:49,N,1,41,74,1,1.10,6.5,0.5,0.5,1,0,,0.3,8.8,1,1
1,2017-06-01 00:58:38,2017-06-01 01:13:49,N,1,255,170,1,4.70,16,0.5,0.5,1.73,0,,0.3,19.03,1,1
1,2017-06-01 00:58:38,2017-06-01 01:01:52,N,1,80,256,2,.60,4.5,0.5,0.5,0,0,,0.3,5.8,2,1
1,2017-06-01 00:58:13,2017-06-01 01:01:16,N,1,42,42,1,.70,4.5,0.5,0.5,0,0,,0.3,5.8,2,1
1,2017-06-01 00:58:08,2017-06-01 01:05:27,N,1,226,260,1,1.50,7.5,0.5,0.5,2.2,0,,0.3,11,1,1
1,2017-06-01 00:57:36,2017-06-01 01:16:01,N,1,166,127,1,6.00,20,0.5,0.5,0,0,,0.3,21.3,1,1
1,2017-06-01 00:57:12,2017-06-01 01:01:22,N,1,255,112,1,1.10,5.5,0.5,0.5,2,0,,0.3,8.8,1,1
1,2017-06-01 00:56:31,2017-06-01 01:02:46,N,1,52,97,1,1.40,7,0.5,0.5,0,0,,0.3,8.3,2,1
1,2017-06-01 00:56:27,2017-06-01 01:14:36,N,1,25,263,1,8.40,25,0.5,0.5,5.25,0,,0.3,31.55,1,1
1,2017-06-01 00:55:34,2017-06-01 01:05:08,N,1,168,126,1,2.30,10,0.5,0.5,0,0,,0.3,11.3,2,1
1,2017-06-01 00:55:39,2017-06-01 00:59:27,N,1,61,225,1,1.00,5,0.5,0.5,1.85,0,,0.3,8.15,1,1
1,2017-06-01 00:55:29,2017-06-01 01:20:46,N,1,255,106,1,7.20,24.5,0.5,0.5,6.45,0,,0.3,32.25,1,1
1,2017-06-01 00:54:33,2017-06-01 01:02:27,N,1,97,181,1,1.60,7.5,0.5,0.5,1.75,0,,0.3,10.55,1,1
1,2017-06-01 00:53:44,2017-06-01 00:56:33,N,1,256,255,1,.50,4,0.5,0.5,0,0,,0.3,5.3,2,1
1,2017-06-01 00:53:04,2017-06-01 01:15:12,N,1,17,249,1,5.20,19.5,0.5,0.5,0,0,,0.3,20.8,2,1
1,2017-06-01 00:52:15,2017-06-01 01:01:35,N,1,129,179,1,3.20,11.5,0.5,0.5,0,0,,0.3,12.8,2,1
1,2017-06-01 00:52:04,2017-06-01 01:11:29,N,1,255,90,1,4.70,17,0.5,0.5,3,0,,0.3,21.3,1,1
1,2017-06-01 00:51:04,2017-06-01 00:56:12,N,1,41,42,1,1.30,6.5,0.5,0.5,0,0,,0.3,7.8,3,1
1,2017-06-01 00:49:49,2017-06-01 00:51:43,N,1,49,61,1,.50,3.5,0.5,0.5,1,0,,0.3,5.8,1,1
1,2017-06-01 00:49:48,2017-06-01 01:05:11,N,1,256,229,1,5.80,18.5,0.5,0.5,0,0,,0.3,19.8,2,1
1,2017-06-01 00:49:41,2017-06-01 01:07:49,N,1,129,75,1,6.60,20,0.5,0.5,0,0,,0.3,21.3,2,1
1,2017-06-01 00:48:46,2017-06-01 00:52:26,N,1,95,95,1,.60,4.5,0.5,0.5,1,0,,0.3,6.8,1,1
1,2017-06-01 00:48:15,2017-06-01 00:49:38,N,1,89,85,1,.50,3.5,0.5,0.5,0,0,,0.3,4.8,2,1
1,2017-06-01 00:47:38,2017-06-01 00:49:58,N,1,17,17,1,.60,4,0.5,0.5,0,0,,0.3,5.3,1,1
1,2017-06-01 00:46:36,2017-06-01 01:22:18,N,1,255,143,1,10.20,33.5,0.5,0.5,6.95,0,,0.3,41.75,1,1
1,2017-06-01 00:46:36,2017-06-01 00:49:13,N,1,116,116,1,.50,4,0.5,0.5,0,0,,0.3,5.3,2,1
1,2017-06-01 00:46:23,2017-06-01 01:00:11,N,1,74,47,1,3.10,12.5,0.5,0.5,0,0,,0.3,13.8,2,1
1,2017-06-01 00:45:39,2017-06-01 00:54:14,N,1,42,168,1,1.80,9,0.5,0.5,0,0,,0.3,10.3,2,1
1,2017-06-01 00:45:29,2017-06-01 00:53:25,N,1,152,41,1,1.60,8,0.5,0.5,0,0,,0.3,9.3,2,1
1,2017-06-01 00:44:57,2017-06-01 00:53:13,N,1,7,260,2,1.80,8,0.5,0.5,0,0,,0.3,9.3,2,1
1,2017-06-01 00:44:06,2017-06-01 00:49:46,N,1,83,82,1,1.00,6,0.5,0.5,0,0,,0.3,7.3,2,1
1,2017-06-01 00:43:20,2017-06-01 00:47:49,N,1,41,41,1,.80,5,0.5,0.5,0,0,,0.3,6.3,2,1
1,2017-06-01 00:42:41,2017-06-01 00:50:25,N,1,129,129,1,1.10,7,0.5,0.5,0,0,,0.3,8.3,1,1
1,2017-06-01 00:41:59,2017-06-01 00:56:59,N,1,40,227,1,4.00,14.5,0.5,0.5,0,0,,0.3,15.8,2,1
1,2017-06-01 00:41:35,2017-06-01 00:53:38,N,1,80,65,1,3.60,13.5,0.5,0.5,0,0,,0.3,14.8,2,1
1,2017-06-01 00:41:24,2017-06-01 00:45:03,N,1,95,95,1,.70,4.5,0.5,0.5,0,0,,0.3,5.8,2,1
1,2017-06-01 00:41:14,2017-06-01 00:45:39,N,1,7,223,1,.90,5.5,0.5,0.5,0,0,,0.3,6.8,2,1
1,2017-06-01 00:41:05,2017-06-01 01:14:01,N,1,244,81,1,10.50,34.5,0.5,0.5,0,0,,0.3,35.8,2,1
1,2017-06-01 00:40:59,2017-06-01 00:47:16,N,1,82,129,1,1.10,6.5,0.5,0.5,0,0,,0.3,7.8,2,1
1,2017-06-01 00:41:01,2017-06-01 00:56:11,N,1,255,225,1,3.30,13,0.5,0.5,2.85,0,,0.3,17.15,1,1
1,2017-06-01 00:40:39,2017-06-01 00:48:29,N,1,92,92,1,1.20,7,0.5,0.5,1.65,0,,0.3,9.95,1,1
1,2017-06-01 00:40:31,2017-06-01 00:44:49,N,1,41,42,1,.80,5.5,0.5,0.5,0,0,,0.3,6.8,2,1
1,2017-06-01 00:39:45,2017-06-01 00:43:33,N,1,97,17,1,1.20,5.5,0.5,0.5,0,0,,0.3,6.8,2,1
1,2017-06-01 00:39:22,2017-06-01 00:48:57,N,1,25,61,1,1.50,8.5,0.5,0.5,0,0,,0.3,9.8,2,1
1,2017-06-01 00:39:21,2017-06-01 00:42:38,N,1,49,17,1,.60,4.5,0.5,0.5,0,0,,0.3,5.8,2,1
1,2017-06-01 00:38:40,2017-06-01 00:54:05,N,1,65,7,1,9.40,26.5,0.5,0.5,6.95,0,,0.3,34.75,1,1
1,2017-06-01 00:37:53,2017-06-01 00:54:07,N,1,255,36,1,3.40,13.5,0.5,0.5,2,0,,0.3,16.8,1,1
1,2017-06-01 00:37:43,2017-06-01 00:48:15,N,1,255,145,1,2.70,10.5,0.5,0.5,2,0,,0.3,13.8,1,1
1,2017-06-01 00:37:32,2017-06-01 00:47:44,N,1,226,229,1,2.80,11,0.5,0.5,0,0,,0.3,12.3,2,1
1,2017-06-01 00:37:20,2017-06-01 00:46:39,N,1,255,97,1,2.40,9.5,0.5,0.5,0,0,,0.3,10.8,2,1
1,2017-06-01 00:36:45,2017-06-01 00:50:05,N,1,255,224,1,3.50,13,0.5,0.5,2.85,0,,0.3,17.15,1,1
1,2017-06-01 00:37:19,2017-06-01 00:49:05,N,1,256,13,1,5.70,17.5,0.5,0.5,4.7,0,,0.3,23.5,1,1
1,2017-06-01 00:36:39,2017-06-01 00:48:45,N,1,166,75,1,2.60,11,0.5,0.5,1.7,0,,0.3,14,1,1
1,2017-06-01 00:32:48,2017-06-01 00:42:13,N,1,80,36,1,1.70,8.5,0.5,0.5,2.45,0,,0.3,12.25,1,1
1,2017-06-01 00:35:48,2017-06-01 00:50:05,N,1,256,226,1,3.40,13,0.5,0.5,2.85,0,,0.3,17.15,1,1
1,2017-06-01 00:36:51,2017-06-01 00:46:56,N,1,226,129,1,1.60,8.5,0.5,0.5,0,0,,0.3,9.8,2,1
1,2017-06-01 00:35:30,2017-06-01 00:36:10,N,1,25,65,1,.30,3,0.5,0.5,0,0,,0.3,4.3,2,1
1,2017-06-01 00:34:56,2017-06-01 00:45:44,N,1,181,61,1,2.90,11,0.5,0.5,0,0,,0.3,12.3,2,1
1,2017-06-01 00:34:26,2017-06-01 00:46:29,N,1,256,223,1,6.00,18.5,0.5,0.5,0,0,,0.3,19.8,2,1
1,2017-06-01 00:33:49,2017-06-01 00:46:20,N,1,74,213,1,5.60,17.5,0.5,0.5,0,0,,0.3,18.8,2,1
1,2017-06-01 00:33:07,2017-06-01 00:37:11,N,1,129,173,1,.80,5,0.5,0.5,0,0,,0.3,6.3,2,1
1,2017-06-01 00:32:42,2017-06-01 00:54:59,N,1,112,186,1,6.60,21,0.5,0.5,4.45,0,,0.3,26.75,1,1
1,2017-06-01 00:32:43,2017-06-01 00:41:02,N,1,260,157,1,1.50,8,0.5,0.5,0,0,,0.3,9.3,2,1
1,2017-06-01 00:32:34,2017-06-01 00:49:22,N,1,80,49,1,3.00,13.5,0.5,0.5,4.4,0,,0.3,19.2,1,1
1,2017-06-01 00:34:08,2017-06-01 00:39:27,N,1,210,210,1,.90,5.5,0.5,0.5,1.7,0,,0.3,8.5,1,1
1,2017-06-01 00:32:26,2017-06-01 00:42:55,N,1,97,225,1,2.80,10.5,0.5,0.5,0,0,,0.3,11.8,2,1
1,2017-06-01 00:32:26,2017-06-01 00:36:58,N,1,42,74,1,1.10,6,0.5,0.5,0,0,,0.3,7.3,2,1
1,2017-06-01 00:32:21,2017-06-01 00:42:51,N,1,17,188,1,2.20,10,0.5,0.5,1,0,,0.3,12.3,1,1
1,2017-06-01 00:32:05,2017-06-01 00:49:03,N,1,159,238,1,4.50,16.5,0.5,0.5,3.55,0,,0.3,21.35,1,1
1,2017-06-01 00:32:06,2017-06-01 00:42:39,N,1,112,255,1,1.50,8.5,0.5,0.5,0,0,,0.3,9.8,1,1
1,2017-06-01 00:32:13,2017-06-01 00:37:59,N,1,255,112,1,1.10,5.5,0.5,0.5,0,0,,0.3,6.8,2,1
1,2017-06-01 00:31:53,2017-06-01 00:37:47,N,1,210,210,1,.40,5.5,0.5,0.5,1.35,0,,0.3,8.15,1,1
1,2017-06-01 00:31:52,2017-06-01 00:35:32,N,1,41,152,1,.90,5,0.5,0.5,0,0,,0.3,6.3,2,1
1,2017-06-01 00:31:47,2017-06-01 00:32:13,N,1,95,95,1,.10,2.5,0.5,0.5,0,0,,0.3,3.8,2,1
1,2017-06-01 00:31:40,2017-06-01 00:35:34,N,1,42,42,1,.80,5,0.5,0.5,0,0,,0.3,6.3,2,1
1,2017-06-01 00:30:55,2017-06-01 00:44:35,N,1,42,147,1,2.80,12.5,0.5,0.5,0,0,,0.3,13.8,2,1
1,2017-06-01 00:31:23,2017-06-01 00:48:15,N,1,52,61,1,3.00,12.5,0.5,0.5,0,0,,0.3,13.8,2,1
1,2017-06-01 00:31:48,2017-06-01 00:51:39,N,1,255,181,1,5.40,18.5,0.5,0.5,4,0,,0.3,23.8,1,1
1,2017-06-01 00:31:27,2017-06-01 00:46:57,N,1,255,97,1,4.60,16.5,0.5,0.5,2,0,,0.3,19.8,1,1
1,2017-06-01 00:30:00,2017-06-01 00:41:41,N,1,255,226,1,2.90,11.5,0.5,0.5,3.8,0,,0.3,16.6,1,1
1,2017-06-01 00:30:23,2017-06-01 00:37:20,N,1,61,62,1,2.00,8,0.5,0.5,0,0,,0.3,9.3,2,1
1,2017-06-01 00:29:40,2017-06-01 00:32:55,N,1,129,173,1,.50,4,0.5,0.5,0,0,,0.3,5.3,2,1
1,2017-06-01 00:28:24,2017-06-01 00:39:45,N,1,65,80,2,3.90,13.5,0.5,0.5,0,0,,0.3,14.8,2,1
1,2017-06-01 00:27:43,2017-06-01 01:00:47,N,1,65,39,1,7.90,28,0.5,0.5,5.85,0,,0.3,35.15,1,1
1,2017-06-01 00:26:24,2017-06-01 00:35:05,N,1,82,82,1,1.70,8.5,0.5,0.5,0,0,,0.3,9.8,2,1
1,2017-06-01 00:25:37,2017-06-01 00:28:12,N,1,255,112,1,.60,4,0.5,0.5,1.05,0,,0.3,6.35,1,1
1,2017-06-01 00:25:32,2017-06-01 00:29:48,N,1,75,263,1,.90,5.5,0.5,0.5,1.35,0,,0.3,8.15,1,1
1,2017-06-01 00:25:17,2017-06-01 00:54:37,N,1,42,213,1,7.10,27,0.5,0.5,0,0,,0.3,28.3,2,1
1,2017-06-01 00:24:35,2017-06-01 00:37:49,N,1,223,129,1,3.50,13,0.5,0.5,0,0,,0.3,14.3,2,1
1,2017-06-01 00:24:24,2017-06-01 00:42:22,N,1,255,13,1,5.80,19,0.5,0.5,4.05,0,,0.3,24.35,1,1
1,2017-06-01 00:24:09,2017-06-01 00:27:38,N,1,75,74,1,1.30,5.5,0.5,0.5,1.2,0,,0.3,8,1,1
1,2017-06-01 00:24:00,2017-06-01 00:28:23,N,1,130,215,1,1.30,6,0.5,0.5,1.45,0,,0.3,8.75,1,1
1,2017-06-01 00:23:34,2017-06-01 00:32:24,N,1,129,57,1,2.00,8,0.5,0.5,0,0,,0.3,9.3,2,1
1,2017-06-01 00:23:26,2017-06-01 00:34:35,N,1,188,72,1,2.20,10.5,0.5,0.5,0,0,,0.3,11.8,2,1
1,2017-06-01 00:23:05,2017-06-01 00:26:08,N,1,255,255,4,.50,4,0.5,0.5,0,0,,0.3,5.3,2,1
1,2017-06-01 00:21:35,2017-06-01 00:57:56,N,1,25,97,1,2.20,22,0.5,0.5,0,0,,0.3,23.3,2,1
1,2017-06-01 00:21:06,2017-06-01 00:29:58,N,1,41,42,1,1.90,8.5,0.5,0.5,1.95,0,,0.3,11.75,1,1
1,2017-06-01 00:21:02,2017-06-01 00:27:11,N,1,244,116,2,1.10,6.5,0.5,0.5,0,0,,0.3,7.8,1,1
1,2017-06-01 00:20:35,2017-06-01 00:26:47,N,1,255,112,1,1.40,7,0.5,0.5,1.65,0,,0.3,9.95,1,1
1,2017-06-01 00:20:36,2017-06-01 00:24:36,N,1,95,95,1,.90,5,0.5,0.5,1,0,,0.3,7.3,1,1
1,2017-06-01 00:19:27,2017-06-01 00:29:12,N,1,126,69,1,1.60,8.5,1,0.5,0,0,,0.3,10.3,2,1
1,2017-06-01 00:19:18,2017-06-01 00:36:17,N,1,255,37,1,3.50,14,0.5,0.5,0,0,,0.3,15.3,2,1
1,2017-06-01 00:19:10,2017-06-01 00:28:27,N,1,226,129,1,2.30,10,0.5,0.5,0,0,,0.3,11.3,2,1
1,2017-06-01 00:18:50,2017-06-01 00:25:38,N,1,25,66,1,1.10,7,0.5,0.5,0,0,,0.3,8.3,2,1
1,2017-06-01 00:18:43,2017-06-01 00:51:05,N,1,159,90,1,9.60,33.5,0.5,0.5,0,0,,0.3,34.8,2,1
1,2017-06-01 00:18:38,2017-06-01 00:27:56,N,1,97,17,1,2.20,9,0.5,0.5,0,0,,0.3,10.3,2,1
1,2017-06-01 00:18:11,2017-06-01 00:25:11,N,1,41,42,1,1.50,7.5,0.5,0.5,0,0,,0.3,8.8,1,1
1,2017-06-01 00:18:06,2017-06-01 00:29:02,N,1,7,82,1,3.10,12,0.5,0.5,0,0,,0.3,13.3,1,1
1,2017-06-01 00:17:53,2017-06-01 00:44:58,N,1,255,143,1,6.30,23,0.5,0.5,4.85,0,,0.3,29.15,1,1
1,2017-06-01 00:17:35,2017-06-01 00:26:23,N,1,256,97,1,2.20,9.5,0.5,0.5,2.15,0,,0.3,12.95,1,1
1,2017-06-01 00:16:59,2017-06-01 00:24:42,N,1,42,213,3,4.30,14,0.5,0.5,0,0,,0.3,15.3,2,1
1,2017-06-01 00:16:37,2017-06-01 00:24:39,N,1,69,167,2,1.20,7.5,0.5,0.5,0,0,,0.3,8.8,1,1
1,2017-06-01 00:16:26,2017-06-01 00:23:49,N,1,217,37,1,.90,6.5,0.5,0.5,0,0,,0.3,7.8,2,1
1,2017-06-01 00:16:00,2017-06-01 00:19:29,N,1,62,85,1,1.00,5,0.5,0.5,0,0,,0.3,6.3,4,1
1,2017-06-01 00:15:34,2017-06-01 00:33:11,N,1,7,121,1,7.60,23,0.5,0.5,0,0,,0.3,24.3,2,1
1,2017-06-01 00:15:06,2017-06-01 00:30:14,N,1,256,37,1,3.20,13,0.5,0.5,0,0,,0.3,14.3,2,1
1,2017-06-01 00:14:30,2017-06-01 00:22:45,N,1,25,97,1,1.60,8,0.5,0.5,1.85,0,,0.3,11.15,1,1
1,2017-06-01 00:13:46,2017-06-01 00:31:13,N,1,66,181,1,3.80,15.5,0.5,0.5,3.35,0,,0.3,20.15,1,1
1,2017-06-01 00:14:08,2017-06-01 00:26:35,N,1,33,61,1,2.50,11.5,0.5,0.5,0,0,,0.3,12.8,2,1
1,2017-06-01 00:13:24,2017-06-01 00:37:26,N,1,7,37,1,4.50,18.5,0.5,0.5,0,0,,0.3,19.8,2,1
1,2017-06-01 00:13:18,2017-06-01 00:19:03,N,1,42,42,1,.90,6,0.5,0.5,1.45,0,,0.3,8.75,1,1
1,2017-06-01 00:14:02,2017-06-01 00:31:52,N,1,255,189,1,3.60,15,0.5,0.5,3.25,0,,0.3,19.55,1,1
1,2017-06-01 00:12:48,2017-06-01 00:31:34,N,1,255,61,1,4.10,16,0.5,0.5,0,0,,0.3,17.3,2,1
1,2017-06-01 00:12:36,2017-06-01 00:16:18,N,1,255,256,1,.80,5,0.5,0.5,1.25,0,,0.3,7.55,1,1
1,2017-06-01 00:11:49,2017-06-01 00:34:39,N,1,112,68,1,6.30,21.5,0.5,0.5,4.55,0,,0.3,27.35,1,1
1,2017-06-01 00:12:18,2017-06-01 00:24:53,N,1,112,4,1,4.40,15,0.5,0.5,0,0,,0.3,16.3,3,1
1,2017-06-01 00:11:45,2017-06-01 00:19:17,N,1,112,80,1,1.10,7,0.5,0.5,1.65,0,,0.3,9.95,1,1
1,2017-06-01 00:10:59,2017-06-01 00:15:35,N,1,80,255,1,.90,5.5,0.5,0.5,1.35,0,,0.3,8.15,1,1
1,2017-06-01 00:10:43,2017-06-01 00:15:14,N,1,210,150,1,1.10,5.5,0.5,0.5,1.35,0,,0.3,8.15,1,1
1,2017-06-01 00:10:41,2017-06-01 00:13:55,N,1,42,42,1,.50,4.5,0.5,0.5,0,0,,0.3,5.8,2,1
1,2017-06-01 00:10:40,2017-06-01 00:38:52,N,1,97,39,1,6.90,24.5,0.5,0.5,0,0,,0.3,25.8,4,1
1,2017-06-01 00:10:39,2017-06-01 00:18:05,N,1,89,188,1,.70,6.5,0.5,0.5,0,0,,0.3,7.8,1,1
1,2017-06-01 00:10:18,2017-06-01 00:15:46,N,1,41,74,1,.80,6,0.5,0.5,0,0,,0.3,7.3,2,1
1,2017-06-01 00:10:38,2017-06-01 00:39:13,N,1,255,140,1,5.00,22.5,0.5,0.5,4.75,0,,0.3,28.55,1,1
1,2017-06-01 00:10:20,2017-06-01 00:14:59,N,1,210,108,1,1.40,6.5,0.5,0.5,2.3,0,,0.3,10.1,1,1
1,2017-06-01 00:09:47,2017-06-01 00:19:17,N,1,244,127,1,3.20,11,0.5,0.5,2,0,,0.3,14.3,1,1
1,2017-06-01 00:08:47,2017-06-01 00:12:40,N,1,75,41,1,1.20,5.5,0.5,0.5,0,0,,0.3,6.8,2,1
1,2017-06-01 00:08:33,2017-06-01 00:19:25,N,1,116,42,2,2.10,9.5,0.5,0.5,2.15,0,,0.3,12.95,1,1
1,2017-06-01 00:08:10,2017-06-01 00:11:02,N,1,181,181,1,.60,4.5,0.5,0.5,1,0,,0.3,6.8,1,1
1,2017-06-01 00:08:07,2017-06-01 00:15:45,N,1,82,129,1,2.10,9.5,0.5,0.5,0,0,,0.3,10.8,2,1
1,2017-06-01 00:07:50,2017-06-01 00:13:03,N,1,210,210,1,.80,5.5,0.5,0.5,1.35,0,,0.3,8.15,1,1
1,2017-06-01 00:07:22,2017-06-01 00:24:06,N,1,41,230,1,6.00,20,0.5,0.5,6.35,0,,0.3,27.65,1,1
1,2017-06-01 00:07:03,2017-06-01 00:16:56,N,1,95,121,1,2.60,10.5,0.5,0.5,0,0,,0.3,11.8,2,1
1,2017-06-01 00:07:48,2017-06-01 00:15:22,N,1,82,82,1,.90,6.5,0.5,0.5,0,0,,0.3,7.8,2,1
1,2017-06-01 00:06:48,2017-06-01 00:13:09,N,1,129,82,1,.70,6,0.5,0.5,0,0,,0.3,7.3,2,1
1,2017-06-01 00:06:23,2017-06-01 00:17:19,N,1,36,256,1,2.50,10,0.5,0.5,2.25,0,,0.3,13.55,1,1
1,2017-06-01 00:06:21,2017-06-01 00:12:28,N,1,65,97,1,1.20,6.5,0.5,0.5,0,0,,0.3,7.8,2,1
1,2017-06-01 00:06:22,2017-06-01 00:12:28,N,1,168,212,1,3.00,10,1,0.5,0,0,,0.3,11.8,2,1
1,2017-06-01 00:07:55,2017-06-01 00:21:34,N,1,41,69,1,3.50,13,0.5,0.5,0,0,,0.3,14.3,2,1
1,2017-06-01 00:05:11,2017-06-01 00:09:47,N,1,97,17,1,1.20,5.5,0.5,0.5,1.35,0,,0.3,8.15,1,1
1,2017-06-01 00:04:44,2017-06-01 00:11:28,N,1,130,215,1,1.60,7.5,0.5,0.5,0,0,,0.3,8.8,2,1
1,2017-06-01 00:04:42,2017-06-01 00:12:35,N,1,255,80,1,1.20,7,0.5,0.5,0,0,,0.3,8.3,2,1
1,2017-06-01 00:04:37,2017-06-01 00:07:00,N,1,25,52,1,.50,4,0.5,0.5,0,0,,0.3,5.3,1,1
1,2017-06-01 00:03:44,2017-06-01 00:16:02,N,1,74,7,1,3.90,14,0.5,0.5,0,5.76,,0.3,21.06,2,1
1,2017-06-01 00:03:39,2017-06-01 00:16:10,N,1,74,166,1,2.20,10.5,0.5,0.5,2.35,0,,0.3,14.15,1,1
1,2017-06-01 00:03:14,2017-06-01 00:06:28,N,1,7,146,1,.60,4.5,0.5,0.5,0,0,,0.3,5.8,2,1
1,2017-06-01 00:05:24,2017-06-01 00:17:59,N,1,37,188,1,3.90,13,0.5,0.5,2,0,,0.3,16.3,1,1
1,2017-06-01 00:02:54,2017-06-01 00:08:17,N,1,74,75,1,1.20,6.5,0.5,0.5,0,0,,0.3,7.8,2,1
1,2017-06-01 00:01:58,2017-06-01 00:10:16,N,1,85,181,1,2.70,10,0.5,0.5,0.01,0,,0.3,11.31,1,1
1,2017-06-01 00:01:41,2017-06-01 00:13:44,N,1,74,151,1,2.00,10,0.5,0.5,0,0,,0.3,11.3,2,1
1,2017-06-01 00:01:41,2017-06-01 00:08:15,N,1,7,7,1,1.00,6,0.5,0.5,1.45,0,,0.3,8.75,1,1
1,2017-06-01 00:01:17,2017-06-01 00:06:37,N,1,244,42,1,1.40,6.5,0.5,0.5,0,0,,0.3,7.8,2,1
1,2017-06-01 00:02:08,2017-06-01 00:10:47,N,1,116,247,1,2.00,9,0.5,0.5,0,0,,0.3,10.3,2,1
1,2017-06-01 00:00:47,2017-06-01 00:04:11,N,1,173,173,2,.50,4.5,0.5,0.5,0,0,,0.3,5.8,2,1
1,2017-06-01 00:00:41,2017-06-01 00:05:26,N,1,134,28,1,1.10,6,0.5,0.5,0,0,,0.3,7.3,2,1
1,2017-06-01 00:00:17,2017-06-01 00:03:33,N,1,147,168,1,.70,4.5,1,0.5,0,0,,0.3,6.3,2,1
1,2017-06-01 00:00:11,2017-06-01 00:08:26,N,1,106,228,1,1.50,8,0.5,0.5,2.3,0,,0.3,11.6,1,1
1,2017-06-01 00:00:05,2017-06-01 00:05:36,N,1,42,116,1,1.00,6,0.5,0.5,1.45,0,,0.3,8.75,1,1
2,2017-06-01 01:09:50,2017-06-01 01:25:42,N,1,66,257,1,5.32,17.5,0.5,0.5,3.76,0,,0.3,22.56,1,1
2,2017-06-01 01:01:17,2017-06-01 01:03:15,N,1,80,255,5,.64,4,0.5,0.5,0,0,,0.3,5.3,2,1
2,2017-06-01 01:00:00,2017-06-01 01:03:02,N,1,255,112,1,.77,4.5,0.5,0.5,1.74,0,,0.3,7.54,1,1
2,2017-06-01 01:00:58,2017-06-01 01:03:49,N,1,61,225,1,.71,4,0.5,0.5,0,0,,0.3,5.3,1,1
2,2017-06-01 01:02:18,2017-06-01 01:04:03,N,1,223,7,1,.51,3.5,0.5,0.5,0.96,0,,0.3,5.76,1,1
2,2017-06-01 01:02:10,2017-06-01 01:04:40,N,1,75,74,1,1.05,5,0.5,0.5,0,0,,0.3,6.3,1,1
2,2017-06-01 01:01:05,2017-06-01 01:05:21,N,1,75,238,1,1.10,5.5,0.5,0.5,0,0,,0.3,6.8,1,1
2,2017-06-01 01:00:39,2017-06-01 01:05:34,N,1,7,7,2,.94,5.5,0.5,0.5,1.36,0,,0.3,8.16,1,1
2,2017-06-01 01:01:41,2017-06-01 01:06:05,N,1,82,82,1,.87,5.5,0.5,0.5,0,0,,0.3,6.8,2,1
2,2017-06-01 01:00:17,2017-06-01 01:06:01,N,1,92,73,1,1.42,6.5,0.5,0.5,1.2,0,,0.3,9,1,1
2,2017-06-01 01:02:39,2017-06-01 01:06:30,N,1,40,54,1,1.12,5.5,0.5,0.5,2.04,0,,0.3,8.84,1,1
2,2017-06-01 01:01:00,2017-06-01 01:06:40,N,1,223,223,1,1.07,6,0.5,0.5,1.46,0,,0.3,8.76,1,1
2,2017-06-01 01:03:05,2017-06-01 01:06:22,N,1,17,17,1,.97,5,0.5,0.5,0,0,,0.3,6.3,2,1
2,2017-06-01 01:01:23,2017-06-01 01:06:46,N,1,7,223,1,1.29,6.5,0.5,0.5,0,0,,0.3,7.8,2,1
2,2017-06-01 01:02:49,2017-06-01 01:07:29,N,1,116,42,3,.93,5.5,0.5,0.5,1.36,0,,0.3,8.16,1,1
2,2017-06-01 01:01:07,2017-06-01 01:07:22,N,1,74,166,1,1.05,6,0.5,0.5,0,0,,0.3,7.3,1,1
2,2017-06-01 01:01:46,2017-06-01 01:07:25,N,1,61,17,1,1.33,6.5,0.5,0.5,0,0,,0.3,7.8,1,1
2,2017-06-01 01:03:42,2017-06-01 01:06:15,N,1,41,41,1,.75,4.5,0.5,0.5,0,0,,0.3,5.8,2,1
2,2017-06-01 01:01:30,2017-06-01 01:07:30,N,1,95,28,1,1.76,8,0.5,0.5,1,0,,0.3,10.3,1,1
2,2017-06-01 01:01:32,2017-06-01 01:07:30,N,1,82,82,1,1.50,7,0.5,0.5,0,0,,0.3,8.3,2,1
2,2017-06-01 01:06:03,2017-06-01 01:08:34,N,1,255,255,1,.64,4,0.5,0.5,1.32,0,,0.3,6.62,1,1
2,2017-06-01 01:01:12,2017-06-01 01:08:39,N,1,260,7,1,1.13,7,0.5,0.5,4,0,,0.3,12.3,1,1
2,2017-06-01 01:03:29,2017-06-01 01:08:47,N,1,75,237,1,1.92,7.5,0.5,0.5,1.76,0,,0.3,10.56,1,1
2,2017-06-01 01:04:06,2017-06-01 01:08:46,N,1,129,82,1,.48,5,0.5,0.5,0,0,,0.3,6.3,2,1
2,2017-06-01 01:04:05,2017-06-01 01:07:55,N,1,82,83,1,1.12,5.5,0.5,0.5,0,0,,0.3,6.8,2,1
2,2017-06-01 01:03:44,2017-06-01 01:08:57,N,1,255,112,2,1.16,6,0.5,0.5,1.7,0,,0.3,9,1,1
2,2017-06-01 01:00:03,2017-06-01 01:09:36,N,1,25,17,1,2.42,10,0.5,0.5,0,0,,0.3,11.3,2,1
2,2017-06-01 01:01:22,2017-06-01 01:08:48,N,1,134,121,1,2.01,8,0.5,0.5,0,0,,0.3,9.3,2,1
2,2017-06-01 01:00:04,2017-06-01 01:09:26,N,1,25,231,1,2.66,10.5,0.5,0.5,2.95,0,,0.3,14.75,1,1
2,2017-06-01 01:06:19,2017-06-01 01:09:09,N,1,61,61,1,.32,3.5,0.5,0.5,0,0,,0.3,4.8,2,1
2,2017-06-01 01:06:22,2017-06-01 01:09:51,N,1,130,215,1,1.08,5.5,0.5,0.5,1.36,0,,0.3,8.16,1,1
2,2017-06-01 01:03:26,2017-06-01 01:09:54,N,1,256,36,1,1.61,7,0.5,0.5,2.08,0,,0.3,10.38,1,1
2,2017-06-01 01:05:08,2017-06-01 01:09:51,N,1,82,129,1,1.14,6,0.5,0.5,0,0,,0.3,7.3,2,1
2,2017-06-01 01:06:10,2017-06-01 01:10:04,N,1,41,42,1,.93,5.5,0.5,0.5,0,0,,0.3,6.8,1,1
2,2017-06-01 01:00:18,2017-06-01 01:10:28,N,1,255,37,1,2.29,9.5,0.5,0.5,2.7,0,,0.3,13.5,1,1
2,2017-06-01 01:00:14,2017-06-01 01:09:47,N,1,33,195,1,1.98,9,0.5,0.5,0,0,,0.3,10.3,2,1
2,2017-06-01 01:07:56,2017-06-01 01:10:32,N,1,129,129,4,.59,4,0.5,0.5,0,0,,0.3,5.3,2,1
2,2017-06-01 01:00:31,2017-06-01 01:10:55,N,1,181,62,5,2.19,9.5,0.5,0.5,2,0,,0.3,12.8,1,1
2,2017-06-01 01:02:49,2017-06-01 01:10:27,N,1,82,83,1,1.54,7.5,0.5,0.5,0,0,,0.3,8.8,2,1
2,2017-06-01 01:04:16,2017-06-01 01:11:03,N,1,7,7,1,1.40,7,0.5,0.5,0,0,,0.3,8.3,2,1
2,2017-06-01 01:04:28,2017-06-01 01:09:45,N,1,61,61,1,1.51,6.5,0.5,0.5,0,0,,0.3,7.8,2,1
2,2017-06-01 01:02:03,2017-06-01 01:11:05,N,5,82,56,1,1.73,10,0,0,0,0,,0,10,2,2
2,2017-06-01 01:04:01,2017-06-01 01:10:51,N,1,49,80,1,2.09,8.5,0.5,0.5,0,0,,0.3,9.8,2,1
2,2017-06-01 01:00:10,2017-06-01 01:11:11,N,1,83,56,1,2.27,10,0.5,0.5,0,0,,0.3,11.3,2,1
2,2017-06-01 01:08:01,2017-06-01 01:11:48,N,1,256,80,2,.83,5,0.5,0.5,1.26,0,,0.3,7.56,1,1
2,2017-06-01 01:06:33,2017-06-01 01:11:54,N,1,179,7,1,1.24,6.5,0.5,0.5,0,0,,0.3,7.8,2,1
2,2017-06-01 01:02:06,2017-06-01 01:12:28,N,1,226,7,1,2.25,9.5,0.5,0.5,0,0,,0.3,10.8,2,1
2,2017-06-01 01:00:38,2017-06-01 01:11:13,N,1,82,129,1,1.48,9,0.5,0.5,0,0,,0.3,10.3,2,1
2,2017-06-01 01:08:53,2017-06-01 01:12:10,N,1,41,74,1,.67,4.5,0.5,0.5,0,0,,0.3,5.8,2,1
2,2017-06-01 01:03:56,2017-06-01 01:12:26,N,1,36,157,6,2.36,9.5,0.5,0.5,0,0,,0.3,10.8,2,1
2,2017-06-01 01:01:13,2017-06-01 01:13:50,N,1,40,61,1,2.61,11.5,0.5,0.5,2.56,0,,0.3,15.36,1,1
2,2017-06-01 01:05:38,2017-06-01 01:14:18,N,1,256,37,1,1.12,7,0.5,0.5,0,0,,0.3,8.3,2,1
2,2017-06-01 01:00:53,2017-06-01 01:14:09,N,1,80,198,2,3.31,12.5,0.5,0.5,2.76,0,,0.3,16.56,1,1
2,2017-06-01 01:05:19,2017-06-01 01:13:39,N,1,80,37,2,1.99,8.5,0.5,0.5,0,0,,0.3,9.8,2,1
2,2017-06-01 01:00:31,2017-06-01 01:14:28,N,1,36,66,2,5.57,17.5,0.5,0.5,3.76,0,,0.3,22.56,1,1
2,2017-06-01 01:09:17,2017-06-01 01:14:38,N,5,168,69,1,1.60,8,0,0,0,0,,0,8,2,2
2,2017-06-01 01:12:45,2017-06-01 01:14:25,N,1,41,41,1,.51,3.5,0.5,0.5,0,0,,0.3,4.8,2,1
2,2017-06-01 01:12:32,2017-06-01 01:15:06,N,1,74,75,1,1.19,5,0.5,0.5,0,0,,0.3,6.3,2,1
2,2017-06-01 01:07:17,2017-06-01 01:15:37,N,1,256,17,1,1.95,8.5,0.5,0.5,0,0,,0.3,9.8,2,1
2,2017-06-01 01:12:27,2017-06-01 01:15:48,N,1,82,56,1,.68,4.5,0.5,0.5,0,0,,0.3,5.8,2,1
2,2017-06-01 01:07:54,2017-06-01 01:14:59,N,1,42,75,1,1.70,8,0.5,0.5,0,0,,0.3,9.3,2,1
2,2017-06-01 01:10:04,2017-06-01 01:16:06,N,1,223,179,5,1.79,7.5,0.5,0.5,2.2,0,,0.3,11,1,1
2,2017-06-01 01:15:37,2017-06-01 01:15:40,N,5,37,37,1,.00,8.3,0,0,0,0,,0,8.3,1,2
2,2017-06-01 01:12:04,2017-06-01 01:15:47,N,1,112,80,5,.64,4.5,0.5,0.5,0,0,,0.3,5.8,2,1
2,2017-06-01 01:12:33,2017-06-01 01:16:41,N,1,255,256,2,.69,4.5,0.5,0.5,2,0,,0.3,7.8,1,1
2,2017-06-01 01:16:10,2017-06-01 01:16:56,N,1,263,263,3,.38,3,0.5,0.5,1,0,,0.3,5.3,1,1
2,2017-06-01 01:11:40,2017-06-01 01:16:18,N,1,82,129,5,.53,5,0.5,0.5,0,0,,0.3,6.3,2,1
2,2017-06-01 01:07:05,2017-06-01 01:17:03,N,1,65,13,1,3.38,12,0.5,0.5,2.66,0,,0.3,15.96,1,1
2,2017-06-01 01:09:46,2017-06-01 01:17:00,N,1,255,80,1,1.24,7,0.5,0.5,1.66,0,,0.3,9.96,1,1
2,2017-06-01 01:13:06,2017-06-01 01:17:14,N,1,146,193,1,1.01,5,0.5,0.5,0,0,,0.3,6.3,2,1
2,2017-06-01 01:06:10,2017-06-01 01:17:18,N,1,95,198,1,3.22,12,0.5,0.5,3.32,0,,0.3,16.62,1,1
2,2017-06-01 01:04:15,2017-06-01 01:16:59,N,1,260,95,2,3.64,13.5,0.5,0.5,3.7,0,,0.3,18.5,1,1
2,2017-06-01 01:09:49,2017-06-01 01:17:39,N,1,255,256,1,1.70,7,0.5,0.5,0,0,,0.3,8.3,2,1
2,2017-06-01 01:09:12,2017-06-01 01:18:23,N,1,129,226,1,1.69,8.5,0.5,0.5,0,0,,0.3,9.8,2,1
2,2017-06-01 01:14:06,2017-06-01 01:17:36,N,1,112,226,5,1.09,5.5,0.5,0.5,0,0,,0.3,6.8,2,1
2,2017-06-01 01:10:15,2017-06-01 01:18:28,N,1,49,17,1,1.94,8.5,0.5,0.5,0,0,,0.3,9.8,2,1
2,2017-06-01 01:16:41,2017-06-01 01:18:49,N,1,82,82,1,.60,4,0.5,0.5,0,0,,0.3,5.3,1,1
2,2017-06-01 01:10:10,2017-06-01 01:18:22,N,1,225,35,1,1.81,8,0.5,0.5,0,0,,0.3,9.3,2,1
2,2017-06-01 01:11:32,2017-06-01 01:18:50,N,1,7,223,1,.93,6,0.5,0.5,1.46,0,,0.3,8.76,1,1
2,2017-06-01 01:09:07,2017-06-01 01:18:46,N,1,66,112,5,4.52,14.5,0.5,0.5,3.95,0,,0.3,19.75,1,1
2,2017-06-01 01:14:56,2017-06-01 01:19:01,N,1,41,24,1,.66,5,0.5,0.5,1.26,0,,0.3,7.56,1,1
2,2017-06-01 01:16:40,2017-06-01 01:18:44,N,1,7,7,1,.36,3.5,0.5,0.5,0,0,,0.3,4.8,1,1
2,2017-06-01 01:06:28,2017-06-01 01:19:34,N,1,42,140,1,5.21,17,0.5,0.5,3.66,0,,0.3,21.96,1,1
2,2017-06-01 01:10:31,2017-06-01 01:19:46,N,1,247,244,1,1.87,9,0.5,0.5,2.06,0,,0.3,12.36,1,1
2,2017-06-01 01:11:22,2017-06-01 01:19:53,N,1,80,17,1,1.77,8.5,0.5,0.5,1.96,0,,0.3,11.76,1,1
2,2017-06-01 01:08:47,2017-06-01 01:19:57,N,1,80,37,6,2.08,9.5,0.5,0.5,2.16,0,,0.3,12.96,1,1
2,2017-06-01 01:12:54,2017-06-01 01:19:35,N,1,223,129,1,1.69,8,0.5,0.5,0,0,,0.3,9.3,2,1
2,2017-06-01 01:13:20,2017-06-01 01:19:53,N,1,223,260,1,1.36,7,0.5,0.5,0,0,,0.3,8.3,2,1
2,2017-06-01 01:11:11,2017-06-01 01:20:00,N,1,36,37,1,1.82,8,0.5,0.5,0,0,,0.3,9.3,2,1
2,2017-06-01 01:10:16,2017-06-01 01:20:54,N,1,37,97,1,3.16,11,0.5,0.5,0,0,,0.3,12.3,2,1
2,2017-06-01 01:13:06,2017-06-01 01:20:06,N,1,61,188,1,2.42,9,0.5,0.5,0,0,,0.3,10.3,2,1
2,2017-06-01 01:11:22,2017-06-01 01:20:46,N,1,256,36,5,2.48,9.5,0.5,0.5,2.7,0,,0.3,13.5,1,1
2,2017-06-01 01:16:48,2017-06-01 01:20:52,N,1,260,260,1,.93,5.5,0.5,0.5,1.36,0,,0.3,8.16,1,1
2,2017-06-01 01:13:28,2017-06-01 01:21:26,N,1,92,53,1,1.73,8.5,0.5,0.5,0,0,,0.3,9.8,2,1
2,2017-06-01 01:17:28,2017-06-01 01:20:50,N,1,41,41,1,.62,4.5,0.5,0.5,0,0,,0.3,5.8,2,1
2,2017-06-01 01:16:26,2017-06-01 01:21:46,N,1,36,157,6,1.84,7.5,0.5,0.5,1.58,0,,0.3,10.38,1,1
2,2017-06-01 01:18:18,2017-06-01 01:21:02,N,1,166,116,1,.90,4.5,0.5,0.5,0,0,,0.3,5.8,2,1
2,2017-06-01 01:17:51,2017-06-01 01:21:56,N,1,41,41,1,.52,4.5,0.5,0.5,0,0,,0.3,5.8,2,1
2,2017-06-01 01:10:19,2017-06-01 01:21:29,N,1,225,37,1,1.39,9,0.5,0.5,0,0,,0.3,10.3,2,1
2,2017-06-01 01:19:32,2017-06-01 01:22:28,N,1,95,135,2,1.00,5,0.5,0.5,1.26,0,,0.3,7.56,1,1
2,2017-06-01 01:09:33,2017-06-01 01:22:36,N,1,130,191,1,3.95,14,0.5,0.5,3.06,0,,0.3,18.36,1,1
2,2017-06-01 01:06:15,2017-06-01 01:21:57,N,1,255,234,1,5.01,17,0.5,0.5,3.66,0,,0.3,21.96,1,1
